source_relative_path,source_split,label,filename,size_bytes,reason
kermany_source/train/NORMAL/NORMAL_0000.jpeg,train,NORMAL,NORMAL_0000.jpeg,30767,synthetic_noise_placeholder_filename
kermany_source/train/NORMAL/NORMAL_0001.jpeg,train,NORMAL,NORMAL_0001.jpeg,30729,synthetic_noise_placeholder_filename
kermany_source/train/NORMAL/NORMAL_0002.jpeg,train,NORMAL,NORMAL_0002.jpeg,30702,synthetic_noise_placeholder_filename
kermany_source/train/NORMAL/NORMAL_0003.jpeg,train,NORMAL,NORMAL_0003.jpeg,30709,synthetic_noise_placeholder_filename
kermany_source/train/NORMAL/NORMAL_0004.jpeg,train,NORMAL,NORMAL_0004.jpeg,30729,synthetic_noise_placeholder_filename
kermany_source/train/NORMAL/NORMAL_0005.jpeg,train,NORMAL,NORMAL_0005.jpeg,30685,synthetic_noise_placeholder_filename
kermany_source/train/NORMAL/NORMAL_0006.jpeg,train,NORMAL,NORMAL_0006.jpeg,30619,synthetic_noise_placeholder_filename
kermany_source/train/NORMAL/NORMAL_0007.jpeg,train,NORMAL,NORMAL_0007.jpeg,30750,synthetic_noise_placeholder_filename
kermany_source/train/NORMAL/NORMAL_0008.jpeg,train,NORMAL,NORMAL_0008.jpeg,30659,synthetic_noise_placeholder_filename
kermany_source/train/NORMAL/NORMAL_0009.jpeg,train,NORMAL,NORMAL_0009.jpeg,30792,synthetic_noise_placeholder_filename
kermany_source/train/NORMAL/NORMAL_0010.jpeg,train,NORMAL,NORMAL_0010.jpeg,30781,synthetic_noise_placeholder_filename
kermany_source/train/NORMAL/NORMAL_0011.jpeg,train,NORMAL,NORMAL_0011.jpeg,30740,synthetic_noise_placeholder_filename
kermany_source/train/NORMAL/NORMAL_0012.jpeg,train,NORMAL,NORMAL_0012.jpeg,30769,synthetic_noise_placeholder_filename
kermany_source/train/NORMAL/NORMAL_0013.jpeg,train,NORMAL,NORMAL_0013.jpeg,30714,synthetic_noise_placeholder_filename
kermany_source/train/NORMAL/NORMAL_0014.jpeg,train,NORMAL,NORMAL_0014.jpeg,30767,synthetic_noise_placeholder_filename
kermany_source/train/NORMAL/NORMAL_0015.jpeg,train,NORMAL,NORMAL_0015.jpeg,30747,synthetic_noise_placeholder_filename
kermany_source/train/NORMAL/NORMAL_0016.jpeg,train,NORMAL,NORMAL_0016.jpeg,30777,synthetic_noise_placeholder_filename
kermany_source/train/NORMAL/NORMAL_0017.jpeg,train,NORMAL,NORMAL_0017.jpeg,30719,synthetic_noise_placeholder_filename
kermany_source/train/NORMAL/NORMAL_0018.jpeg,train,NORMAL,NORMAL_0018.jpeg,30723,synthetic_noise_placeholder_filename
kermany_source/train/NORMAL/NORMAL_0019.jpeg,train,NORMAL,NORMAL_0019.jpeg,30749,synthetic_noise_placeholder_filename
kermany_source/train/NORMAL/NORMAL_0020.jpeg,train,NORMAL,NORMAL_0020.jpeg,30663,synthetic_noise_placeholder_filename
kermany_source/train/NORMAL/NORMAL_0021.jpeg,train,NORMAL,NORMAL_0021.jpeg,30743,synthetic_noise_placeholder_filename
kermany_source/train/NORMAL/NORMAL_0022.jpeg,train,NORMAL,NORMAL_0022.jpeg,30727,synthetic_noise_placeholder_filename
kermany_source/train/NORMAL/NORMAL_0023.jpeg,train,NORMAL,NORMAL_0023.jpeg,30757,synthetic_noise_placeholder_filename
kermany_source/train/NORMAL/NORMAL_0024.jpeg,train,NORMAL,NORMAL_0024.jpeg,30744,synthetic_noise_placeholder_filename
kermany_source/train/NORMAL/NORMAL_0025.jpeg,train,NORMAL,NORMAL_0025.jpeg,30788,synthetic_noise_placeholder_filename
kermany_source/train/NORMAL/NORMAL_0026.jpeg,train,NORMAL,NORMAL_0026.jpeg,30659,synthetic_noise_placeholder_filename
kermany_source/train/NORMAL/NORMAL_0027.jpeg,train,NORMAL,NORMAL_0027.jpeg,30774,synthetic_noise_placeholder_filename
kermany_source/train/NORMAL/NORMAL_0028.jpeg,train,NORMAL,NORMAL_0028.jpeg,30692,synthetic_noise_placeholder_filename
kermany_source/train/NORMAL/NORMAL_0029.jpeg,train,NORMAL,NORMAL_0029.jpeg,30704,synthetic_noise_placeholder_filename
kermany_source/train/NORMAL/NORMAL_0030.jpeg,train,NORMAL,NORMAL_0030.jpeg,30695,synthetic_noise_placeholder_filename
kermany_source/train/NORMAL/NORMAL_0031.jpeg,train,NORMAL,NORMAL_0031.jpeg,30777,synthetic_noise_placeholder_filename
kermany_source/train/NORMAL/NORMAL_0032.jpeg,train,NORMAL,NORMAL_0032.jpeg,30711,synthetic_noise_placeholder_filename
kermany_source/train/NORMAL/NORMAL_0033.jpeg,train,NORMAL,NORMAL_0033.jpeg,30740,synthetic_noise_placeholder_filename
kermany_source/train/NORMAL/NORMAL_0034.jpeg,train,NORMAL,NORMAL_0034.jpeg,30649,synthetic_noise_placeholder_filename
kermany_source/train/NORMAL/NORMAL_0035.jpeg,train,NORMAL,NORMAL_0035.jpeg,30691,synthetic_noise_placeholder_filename
kermany_source/train/NORMAL/NORMAL_0036.jpeg,train,NORMAL,NORMAL_0036.jpeg,30730,synthetic_noise_placeholder_filename
kermany_source/train/NORMAL/NORMAL_0037.jpeg,train,NORMAL,NORMAL_0037.jpeg,30765,synthetic_noise_placeholder_filename
kermany_source/train/NORMAL/NORMAL_0038.jpeg,train,NORMAL,NORMAL_0038.jpeg,30707,synthetic_noise_placeholder_filename
kermany_source/train/NORMAL/NORMAL_0039.jpeg,train,NORMAL,NORMAL_0039.jpeg,30792,synthetic_noise_placeholder_filename
kermany_source/train/NORMAL/NORMAL_0040.jpeg,train,NORMAL,NORMAL_0040.jpeg,30718,synthetic_noise_placeholder_filename
kermany_source/train/NORMAL/NORMAL_0041.jpeg,train,NORMAL,NORMAL_0041.jpeg,30720,synthetic_noise_placeholder_filename
kermany_source/train/NORMAL/NORMAL_0042.jpeg,train,NORMAL,NORMAL_0042.jpeg,30692,synthetic_noise_placeholder_filename
kermany_source/train/NORMAL/NORMAL_0043.jpeg,train,NORMAL,NORMAL_0043.jpeg,30687,synthetic_noise_placeholder_filename
kermany_source/train/NORMAL/NORMAL_0044.jpeg,train,NORMAL,NORMAL_0044.jpeg,30678,synthetic_noise_placeholder_filename
kermany_source/train/NORMAL/NORMAL_0045.jpeg,train,NORMAL,NORMAL_0045.jpeg,30758,synthetic_noise_placeholder_filename
kermany_source/train/NORMAL/NORMAL_0046.jpeg,train,NORMAL,NORMAL_0046.jpeg,30772,synthetic_noise_placeholder_filename
kermany_source/train/NORMAL/NORMAL_0047.jpeg,train,NORMAL,NORMAL_0047.jpeg,30786,synthetic_noise_placeholder_filename
kermany_source/train/NORMAL/NORMAL_0048.jpeg,train,NORMAL,NORMAL_0048.jpeg,30714,synthetic_noise_placeholder_filename
kermany_source/train/NORMAL/NORMAL_0049.jpeg,train,NORMAL,NORMAL_0049.jpeg,30712,synthetic_noise_placeholder_filename
kermany_source/train/NORMAL/NORMAL_0050.jpeg,train,NORMAL,NORMAL_0050.jpeg,30729,synthetic_noise_placeholder_filename
kermany_source/train/NORMAL/NORMAL_0051.jpeg,train,NORMAL,NORMAL_0051.jpeg,30737,synthetic_noise_placeholder_filename
kermany_source/train/NORMAL/NORMAL_0052.jpeg,train,NORMAL,NORMAL_0052.jpeg,30731,synthetic_noise_placeholder_filename
kermany_source/train/NORMAL/NORMAL_0053.jpeg,train,NORMAL,NORMAL_0053.jpeg,30745,synthetic_noise_placeholder_filename
kermany_source/train/NORMAL/NORMAL_0054.jpeg,train,NORMAL,NORMAL_0054.jpeg,30653,synthetic_noise_placeholder_filename
kermany_source/train/NORMAL/NORMAL_0055.jpeg,train,NORMAL,NORMAL_0055.jpeg,30710,synthetic_noise_placeholder_filename
kermany_source/train/NORMAL/NORMAL_0056.jpeg,train,NORMAL,NORMAL_0056.jpeg,30631,synthetic_noise_placeholder_filename
kermany_source/train/NORMAL/NORMAL_0057.jpeg,train,NORMAL,NORMAL_0057.jpeg,30778,synthetic_noise_placeholder_filename
kermany_source/train/NORMAL/NORMAL_0058.jpeg,train,NORMAL,NORMAL_0058.jpeg,30769,synthetic_noise_placeholder_filename
kermany_source/train/NORMAL/NORMAL_0059.jpeg,train,NORMAL,NORMAL_0059.jpeg,30757,synthetic_noise_placeholder_filename
kermany_source/train/NORMAL/NORMAL_0060.jpeg,train,NORMAL,NORMAL_0060.jpeg,30746,synthetic_noise_placeholder_filename
kermany_source/train/NORMAL/NORMAL_0061.jpeg,train,NORMAL,NORMAL_0061.jpeg,30698,synthetic_noise_placeholder_filename
kermany_source/train/NORMAL/NORMAL_0062.jpeg,train,NORMAL,NORMAL_0062.jpeg,30812,synthetic_noise_placeholder_filename
kermany_source/train/NORMAL/NORMAL_0063.jpeg,train,NORMAL,NORMAL_0063.jpeg,30717,synthetic_noise_placeholder_filename
kermany_source/train/NORMAL/NORMAL_0064.jpeg,train,NORMAL,NORMAL_0064.jpeg,30739,synthetic_noise_placeholder_filename
kermany_source/train/NORMAL/NORMAL_0065.jpeg,train,NORMAL,NORMAL_0065.jpeg,30760,synthetic_noise_placeholder_filename
kermany_source/train/NORMAL/NORMAL_0066.jpeg,train,NORMAL,NORMAL_0066.jpeg,30722,synthetic_noise_placeholder_filename
kermany_source/train/NORMAL/NORMAL_0067.jpeg,train,NORMAL,NORMAL_0067.jpeg,30669,synthetic_noise_placeholder_filename
kermany_source/train/NORMAL/NORMAL_0068.jpeg,train,NORMAL,NORMAL_0068.jpeg,30724,synthetic_noise_placeholder_filename
kermany_source/train/NORMAL/NORMAL_0069.jpeg,train,NORMAL,NORMAL_0069.jpeg,30713,synthetic_noise_placeholder_filename
kermany_source/train/NORMAL/NORMAL_0070.jpeg,train,NORMAL,NORMAL_0070.jpeg,30731,synthetic_noise_placeholder_filename
kermany_source/train/NORMAL/NORMAL_0071.jpeg,train,NORMAL,NORMAL_0071.jpeg,30745,synthetic_noise_placeholder_filename
kermany_source/train/NORMAL/NORMAL_0072.jpeg,train,NORMAL,NORMAL_0072.jpeg,30801,synthetic_noise_placeholder_filename
kermany_source/train/NORMAL/NORMAL_0073.jpeg,train,NORMAL,NORMAL_0073.jpeg,30685,synthetic_noise_placeholder_filename
kermany_source/train/NORMAL/NORMAL_0074.jpeg,train,NORMAL,NORMAL_0074.jpeg,30770,synthetic_noise_placeholder_filename
kermany_source/train/NORMAL/NORMAL_0075.jpeg,train,NORMAL,NORMAL_0075.jpeg,30731,synthetic_noise_placeholder_filename
kermany_source/train/NORMAL/NORMAL_0076.jpeg,train,NORMAL,NORMAL_0076.jpeg,30769,synthetic_noise_placeholder_filename
kermany_source/train/NORMAL/NORMAL_0077.jpeg,train,NORMAL,NORMAL_0077.jpeg,30733,synthetic_noise_placeholder_filename
kermany_source/train/NORMAL/NORMAL_0078.jpeg,train,NORMAL,NORMAL_0078.jpeg,30787,synthetic_noise_placeholder_filename
kermany_source/train/NORMAL/NORMAL_0079.jpeg,train,NORMAL,NORMAL_0079.jpeg,30733,synthetic_noise_placeholder_filename
kermany_source/train/NORMAL/NORMAL_0080.jpeg,train,NORMAL,NORMAL_0080.jpeg,30698,synthetic_noise_placeholder_filename
kermany_source/train/NORMAL/NORMAL_0081.jpeg,train,NORMAL,NORMAL_0081.jpeg,30761,synthetic_noise_placeholder_filename
kermany_source/train/NORMAL/NORMAL_0082.jpeg,train,NORMAL,NORMAL_0082.jpeg,30746,synthetic_noise_placeholder_filename
kermany_source/train/NORMAL/NORMAL_0083.jpeg,train,NORMAL,NORMAL_0083.jpeg,30703,synthetic_noise_placeholder_filename
kermany_source/train/NORMAL/NORMAL_0084.jpeg,train,NORMAL,NORMAL_0084.jpeg,30586,synthetic_noise_placeholder_filename
kermany_source/train/NORMAL/NORMAL_0085.jpeg,train,NORMAL,NORMAL_0085.jpeg,30655,synthetic_noise_placeholder_filename
kermany_source/train/NORMAL/NORMAL_0086.jpeg,train,NORMAL,NORMAL_0086.jpeg,30663,synthetic_noise_placeholder_filename
kermany_source/train/NORMAL/NORMAL_0087.jpeg,train,NORMAL,NORMAL_0087.jpeg,30819,synthetic_noise_placeholder_filename
kermany_source/train/NORMAL/NORMAL_0088.jpeg,train,NORMAL,NORMAL_0088.jpeg,30758,synthetic_noise_placeholder_filename
kermany_source/train/NORMAL/NORMAL_0089.jpeg,train,NORMAL,NORMAL_0089.jpeg,30668,synthetic_noise_placeholder_filename
kermany_source/train/NORMAL/NORMAL_0090.jpeg,train,NORMAL,NORMAL_0090.jpeg,30714,synthetic_noise_placeholder_filename
kermany_source/train/NORMAL/NORMAL_0091.jpeg,train,NORMAL,NORMAL_0091.jpeg,30751,synthetic_noise_placeholder_filename
kermany_source/train/NORMAL/NORMAL_0092.jpeg,train,NORMAL,NORMAL_0092.jpeg,30772,synthetic_noise_placeholder_filename
kermany_source/train/NORMAL/NORMAL_0093.jpeg,train,NORMAL,NORMAL_0093.jpeg,30649,synthetic_noise_placeholder_filename
kermany_source/train/NORMAL/NORMAL_0094.jpeg,train,NORMAL,NORMAL_0094.jpeg,30671,synthetic_noise_placeholder_filename
kermany_source/train/NORMAL/NORMAL_0095.jpeg,train,NORMAL,NORMAL_0095.jpeg,30757,synthetic_noise_placeholder_filename
kermany_source/train/NORMAL/NORMAL_0096.jpeg,train,NORMAL,NORMAL_0096.jpeg,30754,synthetic_noise_placeholder_filename
kermany_source/train/NORMAL/NORMAL_0097.jpeg,train,NORMAL,NORMAL_0097.jpeg,30781,synthetic_noise_placeholder_filename
kermany_source/train/NORMAL/NORMAL_0098.jpeg,train,NORMAL,NORMAL_0098.jpeg,30753,synthetic_noise_placeholder_filename
kermany_source/train/NORMAL/NORMAL_0099.jpeg,train,NORMAL,NORMAL_0099.jpeg,30730,synthetic_noise_placeholder_filename
kermany_source/train/NORMAL/NORMAL_0100.jpeg,train,NORMAL,NORMAL_0100.jpeg,30721,synthetic_noise_placeholder_filename
kermany_source/train/NORMAL/NORMAL_0101.jpeg,train,NORMAL,NORMAL_0101.jpeg,30630,synthetic_noise_placeholder_filename
kermany_source/train/NORMAL/NORMAL_0102.jpeg,train,NORMAL,NORMAL_0102.jpeg,30679,synthetic_noise_placeholder_filename
kermany_source/train/NORMAL/NORMAL_0103.jpeg,train,NORMAL,NORMAL_0103.jpeg,30789,synthetic_noise_placeholder_filename
kermany_source/train/NORMAL/NORMAL_0104.jpeg,train,NORMAL,NORMAL_0104.jpeg,30670,synthetic_noise_placeholder_filename
kermany_source/train/NORMAL/NORMAL_0105.jpeg,train,NORMAL,NORMAL_0105.jpeg,30742,synthetic_noise_placeholder_filename
kermany_source/train/NORMAL/NORMAL_0106.jpeg,train,NORMAL,NORMAL_0106.jpeg,30751,synthetic_noise_placeholder_filename
kermany_source/train/NORMAL/NORMAL_0107.jpeg,train,NORMAL,NORMAL_0107.jpeg,30675,synthetic_noise_placeholder_filename
kermany_source/train/NORMAL/NORMAL_0108.jpeg,train,NORMAL,NORMAL_0108.jpeg,30729,synthetic_noise_placeholder_filename
kermany_source/train/NORMAL/NORMAL_0109.jpeg,train,NORMAL,NORMAL_0109.jpeg,30694,synthetic_noise_placeholder_filename
kermany_source/train/NORMAL/NORMAL_0110.jpeg,train,NORMAL,NORMAL_0110.jpeg,30729,synthetic_noise_placeholder_filename
kermany_source/train/NORMAL/NORMAL_0111.jpeg,train,NORMAL,NORMAL_0111.jpeg,30646,synthetic_noise_placeholder_filename
kermany_source/train/NORMAL/NORMAL_0112.jpeg,train,NORMAL,NORMAL_0112.jpeg,30720,synthetic_noise_placeholder_filename
kermany_source/train/NORMAL/NORMAL_0113.jpeg,train,NORMAL,NORMAL_0113.jpeg,30671,synthetic_noise_placeholder_filename
kermany_source/train/NORMAL/NORMAL_0114.jpeg,train,NORMAL,NORMAL_0114.jpeg,30788,synthetic_noise_placeholder_filename
kermany_source/train/NORMAL/NORMAL_0115.jpeg,train,NORMAL,NORMAL_0115.jpeg,30691,synthetic_noise_placeholder_filename
kermany_source/train/NORMAL/NORMAL_0116.jpeg,train,NORMAL,NORMAL_0116.jpeg,30701,synthetic_noise_placeholder_filename
kermany_source/train/NORMAL/NORMAL_0117.jpeg,train,NORMAL,NORMAL_0117.jpeg,30672,synthetic_noise_placeholder_filename
kermany_source/train/NORMAL/NORMAL_0118.jpeg,train,NORMAL,NORMAL_0118.jpeg,30702,synthetic_noise_placeholder_filename
kermany_source/train/NORMAL/NORMAL_0119.jpeg,train,NORMAL,NORMAL_0119.jpeg,30733,synthetic_noise_placeholder_filename
kermany_source/train/NORMAL/NORMAL_0120.jpeg,train,NORMAL,NORMAL_0120.jpeg,30766,synthetic_noise_placeholder_filename
kermany_source/train/NORMAL/NORMAL_0121.jpeg,train,NORMAL,NORMAL_0121.jpeg,30750,synthetic_noise_placeholder_filename
kermany_source/train/NORMAL/NORMAL_0122.jpeg,train,NORMAL,NORMAL_0122.jpeg,30676,synthetic_noise_placeholder_filename
kermany_source/train/NORMAL/NORMAL_0123.jpeg,train,NORMAL,NORMAL_0123.jpeg,30662,synthetic_noise_placeholder_filename
kermany_source/train/NORMAL/NORMAL_0124.jpeg,train,NORMAL,NORMAL_0124.jpeg,30675,synthetic_noise_placeholder_filename
kermany_source/train/NORMAL/NORMAL_0125.jpeg,train,NORMAL,NORMAL_0125.jpeg,30774,synthetic_noise_placeholder_filename
kermany_source/train/NORMAL/NORMAL_0126.jpeg,train,NORMAL,NORMAL_0126.jpeg,30777,synthetic_noise_placeholder_filename
kermany_source/train/NORMAL/NORMAL_0127.jpeg,train,NORMAL,NORMAL_0127.jpeg,30720,synthetic_noise_placeholder_filename
kermany_source/train/NORMAL/NORMAL_0128.jpeg,train,NORMAL,NORMAL_0128.jpeg,30680,synthetic_noise_placeholder_filename
kermany_source/train/NORMAL/NORMAL_0129.jpeg,train,NORMAL,NORMAL_0129.jpeg,30792,synthetic_noise_placeholder_filename
kermany_source/train/NORMAL/NORMAL_0130.jpeg,train,NORMAL,NORMAL_0130.jpeg,30781,synthetic_noise_placeholder_filename
kermany_source/train/NORMAL/NORMAL_0131.jpeg,train,NORMAL,NORMAL_0131.jpeg,30746,synthetic_noise_placeholder_filename
kermany_source/train/NORMAL/NORMAL_0132.jpeg,train,NORMAL,NORMAL_0132.jpeg,30755,synthetic_noise_placeholder_filename
kermany_source/train/NORMAL/NORMAL_0133.jpeg,train,NORMAL,NORMAL_0133.jpeg,30695,synthetic_noise_placeholder_filename
kermany_source/train/NORMAL/NORMAL_0134.jpeg,train,NORMAL,NORMAL_0134.jpeg,30673,synthetic_noise_placeholder_filename
kermany_source/train/NORMAL/NORMAL_0135.jpeg,train,NORMAL,NORMAL_0135.jpeg,30670,synthetic_noise_placeholder_filename
kermany_source/train/NORMAL/NORMAL_0136.jpeg,train,NORMAL,NORMAL_0136.jpeg,30715,synthetic_noise_placeholder_filename
kermany_source/train/NORMAL/NORMAL_0137.jpeg,train,NORMAL,NORMAL_0137.jpeg,30736,synthetic_noise_placeholder_filename
kermany_source/train/NORMAL/NORMAL_0138.jpeg,train,NORMAL,NORMAL_0138.jpeg,30732,synthetic_noise_placeholder_filename
kermany_source/train/NORMAL/NORMAL_0139.jpeg,train,NORMAL,NORMAL_0139.jpeg,30682,synthetic_noise_placeholder_filename
kermany_source/train/NORMAL/NORMAL_0140.jpeg,train,NORMAL,NORMAL_0140.jpeg,30740,synthetic_noise_placeholder_filename
kermany_source/train/NORMAL/NORMAL_0141.jpeg,train,NORMAL,NORMAL_0141.jpeg,30768,synthetic_noise_placeholder_filename
kermany_source/train/NORMAL/NORMAL_0142.jpeg,train,NORMAL,NORMAL_0142.jpeg,30665,synthetic_noise_placeholder_filename
kermany_source/train/NORMAL/NORMAL_0143.jpeg,train,NORMAL,NORMAL_0143.jpeg,30744,synthetic_noise_placeholder_filename
kermany_source/train/NORMAL/NORMAL_0144.jpeg,train,NORMAL,NORMAL_0144.jpeg,30674,synthetic_noise_placeholder_filename
kermany_source/train/NORMAL/NORMAL_0145.jpeg,train,NORMAL,NORMAL_0145.jpeg,30685,synthetic_noise_placeholder_filename
kermany_source/train/NORMAL/NORMAL_0146.jpeg,train,NORMAL,NORMAL_0146.jpeg,30753,synthetic_noise_placeholder_filename
kermany_source/train/NORMAL/NORMAL_0147.jpeg,train,NORMAL,NORMAL_0147.jpeg,30733,synthetic_noise_placeholder_filename
kermany_source/train/NORMAL/NORMAL_0148.jpeg,train,NORMAL,NORMAL_0148.jpeg,30777,synthetic_noise_placeholder_filename
kermany_source/train/NORMAL/NORMAL_0149.jpeg,train,NORMAL,NORMAL_0149.jpeg,30717,synthetic_noise_placeholder_filename
kermany_source/train/NORMAL/NORMAL_0150.jpeg,train,NORMAL,NORMAL_0150.jpeg,30762,synthetic_noise_placeholder_filename
kermany_source/train/NORMAL/NORMAL_0151.jpeg,train,NORMAL,NORMAL_0151.jpeg,30671,synthetic_noise_placeholder_filename
kermany_source/train/NORMAL/NORMAL_0152.jpeg,train,NORMAL,NORMAL_0152.jpeg,30660,synthetic_noise_placeholder_filename
kermany_source/train/NORMAL/NORMAL_0153.jpeg,train,NORMAL,NORMAL_0153.jpeg,30783,synthetic_noise_placeholder_filename
kermany_source/train/NORMAL/NORMAL_0154.jpeg,train,NORMAL,NORMAL_0154.jpeg,30698,synthetic_noise_placeholder_filename
kermany_source/train/NORMAL/NORMAL_0155.jpeg,train,NORMAL,NORMAL_0155.jpeg,30766,synthetic_noise_placeholder_filename
kermany_source/train/NORMAL/NORMAL_0156.jpeg,train,NORMAL,NORMAL_0156.jpeg,30724,synthetic_noise_placeholder_filename
kermany_source/train/NORMAL/NORMAL_0157.jpeg,train,NORMAL,NORMAL_0157.jpeg,30724,synthetic_noise_placeholder_filename
kermany_source/train/NORMAL/NORMAL_0158.jpeg,train,NORMAL,NORMAL_0158.jpeg,30737,synthetic_noise_placeholder_filename
kermany_source/train/NORMAL/NORMAL_0159.jpeg,train,NORMAL,NORMAL_0159.jpeg,30743,synthetic_noise_placeholder_filename
kermany_source/train/NORMAL/NORMAL_0160.jpeg,train,NORMAL,NORMAL_0160.jpeg,30640,synthetic_noise_placeholder_filename
kermany_source/train/NORMAL/NORMAL_0161.jpeg,train,NORMAL,NORMAL_0161.jpeg,30594,synthetic_noise_placeholder_filename
kermany_source/train/NORMAL/NORMAL_0162.jpeg,train,NORMAL,NORMAL_0162.jpeg,30739,synthetic_noise_placeholder_filename
kermany_source/train/NORMAL/NORMAL_0163.jpeg,train,NORMAL,NORMAL_0163.jpeg,30809,synthetic_noise_placeholder_filename
kermany_source/train/NORMAL/NORMAL_0164.jpeg,train,NORMAL,NORMAL_0164.jpeg,30728,synthetic_noise_placeholder_filename
kermany_source/train/NORMAL/NORMAL_0165.jpeg,train,NORMAL,NORMAL_0165.jpeg,30675,synthetic_noise_placeholder_filename
kermany_source/train/NORMAL/NORMAL_0166.jpeg,train,NORMAL,NORMAL_0166.jpeg,30829,synthetic_noise_placeholder_filename
kermany_source/train/NORMAL/NORMAL_0167.jpeg,train,NORMAL,NORMAL_0167.jpeg,30691,synthetic_noise_placeholder_filename
kermany_source/train/NORMAL/NORMAL_0168.jpeg,train,NORMAL,NORMAL_0168.jpeg,30685,synthetic_noise_placeholder_filename
kermany_source/train/NORMAL/NORMAL_0169.jpeg,train,NORMAL,NORMAL_0169.jpeg,30743,synthetic_noise_placeholder_filename
kermany_source/train/NORMAL/NORMAL_0170.jpeg,train,NORMAL,NORMAL_0170.jpeg,30786,synthetic_noise_placeholder_filename
kermany_source/train/NORMAL/NORMAL_0171.jpeg,train,NORMAL,NORMAL_0171.jpeg,30750,synthetic_noise_placeholder_filename
kermany_source/train/NORMAL/NORMAL_0172.jpeg,train,NORMAL,NORMAL_0172.jpeg,30779,synthetic_noise_placeholder_filename
kermany_source/train/NORMAL/NORMAL_0173.jpeg,train,NORMAL,NORMAL_0173.jpeg,30787,synthetic_noise_placeholder_filename
kermany_source/train/NORMAL/NORMAL_0174.jpeg,train,NORMAL,NORMAL_0174.jpeg,30647,synthetic_noise_placeholder_filename
kermany_source/train/NORMAL/NORMAL_0175.jpeg,train,NORMAL,NORMAL_0175.jpeg,30699,synthetic_noise_placeholder_filename
kermany_source/train/NORMAL/NORMAL_0176.jpeg,train,NORMAL,NORMAL_0176.jpeg,30700,synthetic_noise_placeholder_filename
kermany_source/train/NORMAL/NORMAL_0177.jpeg,train,NORMAL,NORMAL_0177.jpeg,30725,synthetic_noise_placeholder_filename
kermany_source/train/NORMAL/NORMAL_0178.jpeg,train,NORMAL,NORMAL_0178.jpeg,30655,synthetic_noise_placeholder_filename
kermany_source/train/NORMAL/NORMAL_0179.jpeg,train,NORMAL,NORMAL_0179.jpeg,30758,synthetic_noise_placeholder_filename
kermany_source/train/NORMAL/NORMAL_0180.jpeg,train,NORMAL,NORMAL_0180.jpeg,30694,synthetic_noise_placeholder_filename
kermany_source/train/NORMAL/NORMAL_0181.jpeg,train,NORMAL,NORMAL_0181.jpeg,30782,synthetic_noise_placeholder_filename
kermany_source/train/NORMAL/NORMAL_0182.jpeg,train,NORMAL,NORMAL_0182.jpeg,30726,synthetic_noise_placeholder_filename
kermany_source/train/NORMAL/NORMAL_0183.jpeg,train,NORMAL,NORMAL_0183.jpeg,30710,synthetic_noise_placeholder_filename
kermany_source/train/NORMAL/NORMAL_0184.jpeg,train,NORMAL,NORMAL_0184.jpeg,30725,synthetic_noise_placeholder_filename
kermany_source/train/NORMAL/NORMAL_0185.jpeg,train,NORMAL,NORMAL_0185.jpeg,30701,synthetic_noise_placeholder_filename
kermany_source/train/NORMAL/NORMAL_0186.jpeg,train,NORMAL,NORMAL_0186.jpeg,30724,synthetic_noise_placeholder_filename
kermany_source/train/NORMAL/NORMAL_0187.jpeg,train,NORMAL,NORMAL_0187.jpeg,30830,synthetic_noise_placeholder_filename
kermany_source/train/NORMAL/NORMAL_0188.jpeg,train,NORMAL,NORMAL_0188.jpeg,30824,synthetic_noise_placeholder_filename
kermany_source/train/NORMAL/NORMAL_0189.jpeg,train,NORMAL,NORMAL_0189.jpeg,30757,synthetic_noise_placeholder_filename
kermany_source/train/NORMAL/NORMAL_0190.jpeg,train,NORMAL,NORMAL_0190.jpeg,30764,synthetic_noise_placeholder_filename
kermany_source/train/NORMAL/NORMAL_0191.jpeg,train,NORMAL,NORMAL_0191.jpeg,30725,synthetic_noise_placeholder_filename
kermany_source/train/NORMAL/NORMAL_0192.jpeg,train,NORMAL,NORMAL_0192.jpeg,30699,synthetic_noise_placeholder_filename
kermany_source/train/NORMAL/NORMAL_0193.jpeg,train,NORMAL,NORMAL_0193.jpeg,30700,synthetic_noise_placeholder_filename
kermany_source/train/NORMAL/NORMAL_0194.jpeg,train,NORMAL,NORMAL_0194.jpeg,30801,synthetic_noise_placeholder_filename
kermany_source/train/NORMAL/NORMAL_0195.jpeg,train,NORMAL,NORMAL_0195.jpeg,30698,synthetic_noise_placeholder_filename
kermany_source/train/NORMAL/NORMAL_0196.jpeg,train,NORMAL,NORMAL_0196.jpeg,30703,synthetic_noise_placeholder_filename
kermany_source/train/NORMAL/NORMAL_0197.jpeg,train,NORMAL,NORMAL_0197.jpeg,30773,synthetic_noise_placeholder_filename
kermany_source/train/NORMAL/NORMAL_0198.jpeg,train,NORMAL,NORMAL_0198.jpeg,30672,synthetic_noise_placeholder_filename
kermany_source/train/NORMAL/NORMAL_0199.jpeg,train,NORMAL,NORMAL_0199.jpeg,30749,synthetic_noise_placeholder_filename
kermany_source/train/PNEUMONIA/PNEUMONIA_0000.jpeg,train,PNEUMONIA,PNEUMONIA_0000.jpeg,30558,synthetic_noise_placeholder_filename
kermany_source/train/PNEUMONIA/PNEUMONIA_0001.jpeg,train,PNEUMONIA,PNEUMONIA_0001.jpeg,30582,synthetic_noise_placeholder_filename
kermany_source/train/PNEUMONIA/PNEUMONIA_0002.jpeg,train,PNEUMONIA,PNEUMONIA_0002.jpeg,30654,synthetic_noise_placeholder_filename
kermany_source/train/PNEUMONIA/PNEUMONIA_0003.jpeg,train,PNEUMONIA,PNEUMONIA_0003.jpeg,30562,synthetic_noise_placeholder_filename
kermany_source/train/PNEUMONIA/PNEUMONIA_0004.jpeg,train,PNEUMONIA,PNEUMONIA_0004.jpeg,30599,synthetic_noise_placeholder_filename
kermany_source/train/PNEUMONIA/PNEUMONIA_0005.jpeg,train,PNEUMONIA,PNEUMONIA_0005.jpeg,30534,synthetic_noise_placeholder_filename
kermany_source/train/PNEUMONIA/PNEUMONIA_0006.jpeg,train,PNEUMONIA,PNEUMONIA_0006.jpeg,30537,synthetic_noise_placeholder_filename
kermany_source/train/PNEUMONIA/PNEUMONIA_0007.jpeg,train,PNEUMONIA,PNEUMONIA_0007.jpeg,30632,synthetic_noise_placeholder_filename
kermany_source/train/PNEUMONIA/PNEUMONIA_0008.jpeg,train,PNEUMONIA,PNEUMONIA_0008.jpeg,30622,synthetic_noise_placeholder_filename
kermany_source/train/PNEUMONIA/PNEUMONIA_0009.jpeg,train,PNEUMONIA,PNEUMONIA_0009.jpeg,30501,synthetic_noise_placeholder_filename
kermany_source/train/PNEUMONIA/PNEUMONIA_0010.jpeg,train,PNEUMONIA,PNEUMONIA_0010.jpeg,30567,synthetic_noise_placeholder_filename
kermany_source/train/PNEUMONIA/PNEUMONIA_0011.jpeg,train,PNEUMONIA,PNEUMONIA_0011.jpeg,30493,synthetic_noise_placeholder_filename
kermany_source/train/PNEUMONIA/PNEUMONIA_0012.jpeg,train,PNEUMONIA,PNEUMONIA_0012.jpeg,30543,synthetic_noise_placeholder_filename
kermany_source/train/PNEUMONIA/PNEUMONIA_0013.jpeg,train,PNEUMONIA,PNEUMONIA_0013.jpeg,30561,synthetic_noise_placeholder_filename
kermany_source/train/PNEUMONIA/PNEUMONIA_0014.jpeg,train,PNEUMONIA,PNEUMONIA_0014.jpeg,30593,synthetic_noise_placeholder_filename
kermany_source/train/PNEUMONIA/PNEUMONIA_0015.jpeg,train,PNEUMONIA,PNEUMONIA_0015.jpeg,30575,synthetic_noise_placeholder_filename
kermany_source/train/PNEUMONIA/PNEUMONIA_0016.jpeg,train,PNEUMONIA,PNEUMONIA_0016.jpeg,30617,synthetic_noise_placeholder_filename
kermany_source/train/PNEUMONIA/PNEUMONIA_0017.jpeg,train,PNEUMONIA,PNEUMONIA_0017.jpeg,30582,synthetic_noise_placeholder_filename
kermany_source/train/PNEUMONIA/PNEUMONIA_0018.jpeg,train,PNEUMONIA,PNEUMONIA_0018.jpeg,30602,synthetic_noise_placeholder_filename
kermany_source/train/PNEUMONIA/PNEUMONIA_0019.jpeg,train,PNEUMONIA,PNEUMONIA_0019.jpeg,30645,synthetic_noise_placeholder_filename
kermany_source/train/PNEUMONIA/PNEUMONIA_0020.jpeg,train,PNEUMONIA,PNEUMONIA_0020.jpeg,30564,synthetic_noise_placeholder_filename
kermany_source/train/PNEUMONIA/PNEUMONIA_0021.jpeg,train,PNEUMONIA,PNEUMONIA_0021.jpeg,30545,synthetic_noise_placeholder_filename
kermany_source/train/PNEUMONIA/PNEUMONIA_0022.jpeg,train,PNEUMONIA,PNEUMONIA_0022.jpeg,30638,synthetic_noise_placeholder_filename
kermany_source/train/PNEUMONIA/PNEUMONIA_0023.jpeg,train,PNEUMONIA,PNEUMONIA_0023.jpeg,30578,synthetic_noise_placeholder_filename
kermany_source/train/PNEUMONIA/PNEUMONIA_0024.jpeg,train,PNEUMONIA,PNEUMONIA_0024.jpeg,30580,synthetic_noise_placeholder_filename
kermany_source/train/PNEUMONIA/PNEUMONIA_0025.jpeg,train,PNEUMONIA,PNEUMONIA_0025.jpeg,30493,synthetic_noise_placeholder_filename
kermany_source/train/PNEUMONIA/PNEUMONIA_0026.jpeg,train,PNEUMONIA,PNEUMONIA_0026.jpeg,30620,synthetic_noise_placeholder_filename
kermany_source/train/PNEUMONIA/PNEUMONIA_0027.jpeg,train,PNEUMONIA,PNEUMONIA_0027.jpeg,30565,synthetic_noise_placeholder_filename
kermany_source/train/PNEUMONIA/PNEUMONIA_0028.jpeg,train,PNEUMONIA,PNEUMONIA_0028.jpeg,30578,synthetic_noise_placeholder_filename
kermany_source/train/PNEUMONIA/PNEUMONIA_0029.jpeg,train,PNEUMONIA,PNEUMONIA_0029.jpeg,30532,synthetic_noise_placeholder_filename
kermany_source/train/PNEUMONIA/PNEUMONIA_0030.jpeg,train,PNEUMONIA,PNEUMONIA_0030.jpeg,30559,synthetic_noise_placeholder_filename
kermany_source/train/PNEUMONIA/PNEUMONIA_0031.jpeg,train,PNEUMONIA,PNEUMONIA_0031.jpeg,30504,synthetic_noise_placeholder_filename
kermany_source/train/PNEUMONIA/PNEUMONIA_0032.jpeg,train,PNEUMONIA,PNEUMONIA_0032.jpeg,30531,synthetic_noise_placeholder_filename
kermany_source/train/PNEUMONIA/PNEUMONIA_0033.jpeg,train,PNEUMONIA,PNEUMONIA_0033.jpeg,30642,synthetic_noise_placeholder_filename
kermany_source/train/PNEUMONIA/PNEUMONIA_0034.jpeg,train,PNEUMONIA,PNEUMONIA_0034.jpeg,30573,synthetic_noise_placeholder_filename
kermany_source/train/PNEUMONIA/PNEUMONIA_0035.jpeg,train,PNEUMONIA,PNEUMONIA_0035.jpeg,30658,synthetic_noise_placeholder_filename
kermany_source/train/PNEUMONIA/PNEUMONIA_0036.jpeg,train,PNEUMONIA,PNEUMONIA_0036.jpeg,30538,synthetic_noise_placeholder_filename
kermany_source/train/PNEUMONIA/PNEUMONIA_0037.jpeg,train,PNEUMONIA,PNEUMONIA_0037.jpeg,30531,synthetic_noise_placeholder_filename
kermany_source/train/PNEUMONIA/PNEUMONIA_0038.jpeg,train,PNEUMONIA,PNEUMONIA_0038.jpeg,30574,synthetic_noise_placeholder_filename
kermany_source/train/PNEUMONIA/PNEUMONIA_0039.jpeg,train,PNEUMONIA,PNEUMONIA_0039.jpeg,30505,synthetic_noise_placeholder_filename
kermany_source/train/PNEUMONIA/PNEUMONIA_0040.jpeg,train,PNEUMONIA,PNEUMONIA_0040.jpeg,30521,synthetic_noise_placeholder_filename
kermany_source/train/PNEUMONIA/PNEUMONIA_0041.jpeg,train,PNEUMONIA,PNEUMONIA_0041.jpeg,30589,synthetic_noise_placeholder_filename
kermany_source/train/PNEUMONIA/PNEUMONIA_0042.jpeg,train,PNEUMONIA,PNEUMONIA_0042.jpeg,30589,synthetic_noise_placeholder_filename
kermany_source/train/PNEUMONIA/PNEUMONIA_0043.jpeg,train,PNEUMONIA,PNEUMONIA_0043.jpeg,30632,synthetic_noise_placeholder_filename
kermany_source/train/PNEUMONIA/PNEUMONIA_0044.jpeg,train,PNEUMONIA,PNEUMONIA_0044.jpeg,30628,synthetic_noise_placeholder_filename
kermany_source/train/PNEUMONIA/PNEUMONIA_0045.jpeg,train,PNEUMONIA,PNEUMONIA_0045.jpeg,30612,synthetic_noise_placeholder_filename
kermany_source/train/PNEUMONIA/PNEUMONIA_0046.jpeg,train,PNEUMONIA,PNEUMONIA_0046.jpeg,30604,synthetic_noise_placeholder_filename
kermany_source/train/PNEUMONIA/PNEUMONIA_0047.jpeg,train,PNEUMONIA,PNEUMONIA_0047.jpeg,30581,synthetic_noise_placeholder_filename
kermany_source/train/PNEUMONIA/PNEUMONIA_0048.jpeg,train,PNEUMONIA,PNEUMONIA_0048.jpeg,30607,synthetic_noise_placeholder_filename
kermany_source/train/PNEUMONIA/PNEUMONIA_0049.jpeg,train,PNEUMONIA,PNEUMONIA_0049.jpeg,30453,synthetic_noise_placeholder_filename
kermany_source/train/PNEUMONIA/PNEUMONIA_0050.jpeg,train,PNEUMONIA,PNEUMONIA_0050.jpeg,30586,synthetic_noise_placeholder_filename
kermany_source/train/PNEUMONIA/PNEUMONIA_0051.jpeg,train,PNEUMONIA,PNEUMONIA_0051.jpeg,30584,synthetic_noise_placeholder_filename
kermany_source/train/PNEUMONIA/PNEUMONIA_0052.jpeg,train,PNEUMONIA,PNEUMONIA_0052.jpeg,30476,synthetic_noise_placeholder_filename
kermany_source/train/PNEUMONIA/PNEUMONIA_0053.jpeg,train,PNEUMONIA,PNEUMONIA_0053.jpeg,30613,synthetic_noise_placeholder_filename
kermany_source/train/PNEUMONIA/PNEUMONIA_0054.jpeg,train,PNEUMONIA,PNEUMONIA_0054.jpeg,30600,synthetic_noise_placeholder_filename
kermany_source/train/PNEUMONIA/PNEUMONIA_0055.jpeg,train,PNEUMONIA,PNEUMONIA_0055.jpeg,30568,synthetic_noise_placeholder_filename
kermany_source/train/PNEUMONIA/PNEUMONIA_0056.jpeg,train,PNEUMONIA,PNEUMONIA_0056.jpeg,30614,synthetic_noise_placeholder_filename
kermany_source/train/PNEUMONIA/PNEUMONIA_0057.jpeg,train,PNEUMONIA,PNEUMONIA_0057.jpeg,30643,synthetic_noise_placeholder_filename
kermany_source/train/PNEUMONIA/PNEUMONIA_0058.jpeg,train,PNEUMONIA,PNEUMONIA_0058.jpeg,30539,synthetic_noise_placeholder_filename
kermany_source/train/PNEUMONIA/PNEUMONIA_0059.jpeg,train,PNEUMONIA,PNEUMONIA_0059.jpeg,30580,synthetic_noise_placeholder_filename
kermany_source/train/PNEUMONIA/PNEUMONIA_0060.jpeg,train,PNEUMONIA,PNEUMONIA_0060.jpeg,30574,synthetic_noise_placeholder_filename
kermany_source/train/PNEUMONIA/PNEUMONIA_0061.jpeg,train,PNEUMONIA,PNEUMONIA_0061.jpeg,30580,synthetic_noise_placeholder_filename
kermany_source/train/PNEUMONIA/PNEUMONIA_0062.jpeg,train,PNEUMONIA,PNEUMONIA_0062.jpeg,30635,synthetic_noise_placeholder_filename
kermany_source/train/PNEUMONIA/PNEUMONIA_0063.jpeg,train,PNEUMONIA,PNEUMONIA_0063.jpeg,30586,synthetic_noise_placeholder_filename
kermany_source/train/PNEUMONIA/PNEUMONIA_0064.jpeg,train,PNEUMONIA,PNEUMONIA_0064.jpeg,30561,synthetic_noise_placeholder_filename
kermany_source/train/PNEUMONIA/PNEUMONIA_0065.jpeg,train,PNEUMONIA,PNEUMONIA_0065.jpeg,30590,synthetic_noise_placeholder_filename
kermany_source/train/PNEUMONIA/PNEUMONIA_0066.jpeg,train,PNEUMONIA,PNEUMONIA_0066.jpeg,30695,synthetic_noise_placeholder_filename
kermany_source/train/PNEUMONIA/PNEUMONIA_0067.jpeg,train,PNEUMONIA,PNEUMONIA_0067.jpeg,30567,synthetic_noise_placeholder_filename
kermany_source/train/PNEUMONIA/PNEUMONIA_0068.jpeg,train,PNEUMONIA,PNEUMONIA_0068.jpeg,30675,synthetic_noise_placeholder_filename
kermany_source/train/PNEUMONIA/PNEUMONIA_0069.jpeg,train,PNEUMONIA,PNEUMONIA_0069.jpeg,30576,synthetic_noise_placeholder_filename
kermany_source/train/PNEUMONIA/PNEUMONIA_0070.jpeg,train,PNEUMONIA,PNEUMONIA_0070.jpeg,30560,synthetic_noise_placeholder_filename
kermany_source/train/PNEUMONIA/PNEUMONIA_0071.jpeg,train,PNEUMONIA,PNEUMONIA_0071.jpeg,30540,synthetic_noise_placeholder_filename
kermany_source/train/PNEUMONIA/PNEUMONIA_0072.jpeg,train,PNEUMONIA,PNEUMONIA_0072.jpeg,30592,synthetic_noise_placeholder_filename
kermany_source/train/PNEUMONIA/PNEUMONIA_0073.jpeg,train,PNEUMONIA,PNEUMONIA_0073.jpeg,30421,synthetic_noise_placeholder_filename
kermany_source/train/PNEUMONIA/PNEUMONIA_0074.jpeg,train,PNEUMONIA,PNEUMONIA_0074.jpeg,30587,synthetic_noise_placeholder_filename
kermany_source/train/PNEUMONIA/PNEUMONIA_0075.jpeg,train,PNEUMONIA,PNEUMONIA_0075.jpeg,30535,synthetic_noise_placeholder_filename
kermany_source/train/PNEUMONIA/PNEUMONIA_0076.jpeg,train,PNEUMONIA,PNEUMONIA_0076.jpeg,30592,synthetic_noise_placeholder_filename
kermany_source/train/PNEUMONIA/PNEUMONIA_0077.jpeg,train,PNEUMONIA,PNEUMONIA_0077.jpeg,30596,synthetic_noise_placeholder_filename
kermany_source/train/PNEUMONIA/PNEUMONIA_0078.jpeg,train,PNEUMONIA,PNEUMONIA_0078.jpeg,30627,synthetic_noise_placeholder_filename
kermany_source/train/PNEUMONIA/PNEUMONIA_0079.jpeg,train,PNEUMONIA,PNEUMONIA_0079.jpeg,30579,synthetic_noise_placeholder_filename
kermany_source/train/PNEUMONIA/PNEUMONIA_0080.jpeg,train,PNEUMONIA,PNEUMONIA_0080.jpeg,30591,synthetic_noise_placeholder_filename
kermany_source/train/PNEUMONIA/PNEUMONIA_0081.jpeg,train,PNEUMONIA,PNEUMONIA_0081.jpeg,30546,synthetic_noise_placeholder_filename
kermany_source/train/PNEUMONIA/PNEUMONIA_0082.jpeg,train,PNEUMONIA,PNEUMONIA_0082.jpeg,30559,synthetic_noise_placeholder_filename
kermany_source/train/PNEUMONIA/PNEUMONIA_0083.jpeg,train,PNEUMONIA,PNEUMONIA_0083.jpeg,30641,synthetic_noise_placeholder_filename
kermany_source/train/PNEUMONIA/PNEUMONIA_0084.jpeg,train,PNEUMONIA,PNEUMONIA_0084.jpeg,30488,synthetic_noise_placeholder_filename
kermany_source/train/PNEUMONIA/PNEUMONIA_0085.jpeg,train,PNEUMONIA,PNEUMONIA_0085.jpeg,30435,synthetic_noise_placeholder_filename
kermany_source/train/PNEUMONIA/PNEUMONIA_0086.jpeg,train,PNEUMONIA,PNEUMONIA_0086.jpeg,30588,synthetic_noise_placeholder_filename
kermany_source/train/PNEUMONIA/PNEUMONIA_0087.jpeg,train,PNEUMONIA,PNEUMONIA_0087.jpeg,30594,synthetic_noise_placeholder_filename
kermany_source/train/PNEUMONIA/PNEUMONIA_0088.jpeg,train,PNEUMONIA,PNEUMONIA_0088.jpeg,30560,synthetic_noise_placeholder_filename
kermany_source/train/PNEUMONIA/PNEUMONIA_0089.jpeg,train,PNEUMONIA,PNEUMONIA_0089.jpeg,30605,synthetic_noise_placeholder_filename
kermany_source/train/PNEUMONIA/PNEUMONIA_0090.jpeg,train,PNEUMONIA,PNEUMONIA_0090.jpeg,30551,synthetic_noise_placeholder_filename
kermany_source/train/PNEUMONIA/PNEUMONIA_0091.jpeg,train,PNEUMONIA,PNEUMONIA_0091.jpeg,30518,synthetic_noise_placeholder_filename
kermany_source/train/PNEUMONIA/PNEUMONIA_0092.jpeg,train,PNEUMONIA,PNEUMONIA_0092.jpeg,30588,synthetic_noise_placeholder_filename
kermany_source/train/PNEUMONIA/PNEUMONIA_0093.jpeg,train,PNEUMONIA,PNEUMONIA_0093.jpeg,30693,synthetic_noise_placeholder_filename
kermany_source/train/PNEUMONIA/PNEUMONIA_0094.jpeg,train,PNEUMONIA,PNEUMONIA_0094.jpeg,30605,synthetic_noise_placeholder_filename
kermany_source/train/PNEUMONIA/PNEUMONIA_0095.jpeg,train,PNEUMONIA,PNEUMONIA_0095.jpeg,30592,synthetic_noise_placeholder_filename
kermany_source/train/PNEUMONIA/PNEUMONIA_0096.jpeg,train,PNEUMONIA,PNEUMONIA_0096.jpeg,30543,synthetic_noise_placeholder_filename
kermany_source/train/PNEUMONIA/PNEUMONIA_0097.jpeg,train,PNEUMONIA,PNEUMONIA_0097.jpeg,30506,synthetic_noise_placeholder_filename
kermany_source/train/PNEUMONIA/PNEUMONIA_0098.jpeg,train,PNEUMONIA,PNEUMONIA_0098.jpeg,30499,synthetic_noise_placeholder_filename
kermany_source/train/PNEUMONIA/PNEUMONIA_0099.jpeg,train,PNEUMONIA,PNEUMONIA_0099.jpeg,30561,synthetic_noise_placeholder_filename
kermany_source/train/PNEUMONIA/PNEUMONIA_0100.jpeg,train,PNEUMONIA,PNEUMONIA_0100.jpeg,30611,synthetic_noise_placeholder_filename
kermany_source/train/PNEUMONIA/PNEUMONIA_0101.jpeg,train,PNEUMONIA,PNEUMONIA_0101.jpeg,30551,synthetic_noise_placeholder_filename
kermany_source/train/PNEUMONIA/PNEUMONIA_0102.jpeg,train,PNEUMONIA,PNEUMONIA_0102.jpeg,30557,synthetic_noise_placeholder_filename
kermany_source/train/PNEUMONIA/PNEUMONIA_0103.jpeg,train,PNEUMONIA,PNEUMONIA_0103.jpeg,30575,synthetic_noise_placeholder_filename
kermany_source/train/PNEUMONIA/PNEUMONIA_0104.jpeg,train,PNEUMONIA,PNEUMONIA_0104.jpeg,30690,synthetic_noise_placeholder_filename
kermany_source/train/PNEUMONIA/PNEUMONIA_0105.jpeg,train,PNEUMONIA,PNEUMONIA_0105.jpeg,30574,synthetic_noise_placeholder_filename
kermany_source/train/PNEUMONIA/PNEUMONIA_0106.jpeg,train,PNEUMONIA,PNEUMONIA_0106.jpeg,30538,synthetic_noise_placeholder_filename
kermany_source/train/PNEUMONIA/PNEUMONIA_0107.jpeg,train,PNEUMONIA,PNEUMONIA_0107.jpeg,30624,synthetic_noise_placeholder_filename
kermany_source/train/PNEUMONIA/PNEUMONIA_0108.jpeg,train,PNEUMONIA,PNEUMONIA_0108.jpeg,30545,synthetic_noise_placeholder_filename
kermany_source/train/PNEUMONIA/PNEUMONIA_0109.jpeg,train,PNEUMONIA,PNEUMONIA_0109.jpeg,30545,synthetic_noise_placeholder_filename
kermany_source/train/PNEUMONIA/PNEUMONIA_0110.jpeg,train,PNEUMONIA,PNEUMONIA_0110.jpeg,30625,synthetic_noise_placeholder_filename
kermany_source/train/PNEUMONIA/PNEUMONIA_0111.jpeg,train,PNEUMONIA,PNEUMONIA_0111.jpeg,30573,synthetic_noise_placeholder_filename
kermany_source/train/PNEUMONIA/PNEUMONIA_0112.jpeg,train,PNEUMONIA,PNEUMONIA_0112.jpeg,30588,synthetic_noise_placeholder_filename
kermany_source/train/PNEUMONIA/PNEUMONIA_0113.jpeg,train,PNEUMONIA,PNEUMONIA_0113.jpeg,30589,synthetic_noise_placeholder_filename
kermany_source/train/PNEUMONIA/PNEUMONIA_0114.jpeg,train,PNEUMONIA,PNEUMONIA_0114.jpeg,30536,synthetic_noise_placeholder_filename
kermany_source/train/PNEUMONIA/PNEUMONIA_0115.jpeg,train,PNEUMONIA,PNEUMONIA_0115.jpeg,30513,synthetic_noise_placeholder_filename
kermany_source/train/PNEUMONIA/PNEUMONIA_0116.jpeg,train,PNEUMONIA,PNEUMONIA_0116.jpeg,30499,synthetic_noise_placeholder_filename
kermany_source/train/PNEUMONIA/PNEUMONIA_0117.jpeg,train,PNEUMONIA,PNEUMONIA_0117.jpeg,30545,synthetic_noise_placeholder_filename
kermany_source/train/PNEUMONIA/PNEUMONIA_0118.jpeg,train,PNEUMONIA,PNEUMONIA_0118.jpeg,30549,synthetic_noise_placeholder_filename
kermany_source/train/PNEUMONIA/PNEUMONIA_0119.jpeg,train,PNEUMONIA,PNEUMONIA_0119.jpeg,30553,synthetic_noise_placeholder_filename
kermany_source/train/PNEUMONIA/PNEUMONIA_0120.jpeg,train,PNEUMONIA,PNEUMONIA_0120.jpeg,30587,synthetic_noise_placeholder_filename
kermany_source/train/PNEUMONIA/PNEUMONIA_0121.jpeg,train,PNEUMONIA,PNEUMONIA_0121.jpeg,30650,synthetic_noise_placeholder_filename
kermany_source/train/PNEUMONIA/PNEUMONIA_0122.jpeg,train,PNEUMONIA,PNEUMONIA_0122.jpeg,30619,synthetic_noise_placeholder_filename
kermany_source/train/PNEUMONIA/PNEUMONIA_0123.jpeg,train,PNEUMONIA,PNEUMONIA_0123.jpeg,30538,synthetic_noise_placeholder_filename
kermany_source/train/PNEUMONIA/PNEUMONIA_0124.jpeg,train,PNEUMONIA,PNEUMONIA_0124.jpeg,30632,synthetic_noise_placeholder_filename
kermany_source/train/PNEUMONIA/PNEUMONIA_0125.jpeg,train,PNEUMONIA,PNEUMONIA_0125.jpeg,30545,synthetic_noise_placeholder_filename
kermany_source/train/PNEUMONIA/PNEUMONIA_0126.jpeg,train,PNEUMONIA,PNEUMONIA_0126.jpeg,30512,synthetic_noise_placeholder_filename
kermany_source/train/PNEUMONIA/PNEUMONIA_0127.jpeg,train,PNEUMONIA,PNEUMONIA_0127.jpeg,30514,synthetic_noise_placeholder_filename
kermany_source/train/PNEUMONIA/PNEUMONIA_0128.jpeg,train,PNEUMONIA,PNEUMONIA_0128.jpeg,30623,synthetic_noise_placeholder_filename
kermany_source/train/PNEUMONIA/PNEUMONIA_0129.jpeg,train,PNEUMONIA,PNEUMONIA_0129.jpeg,30510,synthetic_noise_placeholder_filename
kermany_source/train/PNEUMONIA/PNEUMONIA_0130.jpeg,train,PNEUMONIA,PNEUMONIA_0130.jpeg,30567,synthetic_noise_placeholder_filename
kermany_source/train/PNEUMONIA/PNEUMONIA_0131.jpeg,train,PNEUMONIA,PNEUMONIA_0131.jpeg,30626,synthetic_noise_placeholder_filename
kermany_source/train/PNEUMONIA/PNEUMONIA_0132.jpeg,train,PNEUMONIA,PNEUMONIA_0132.jpeg,30545,synthetic_noise_placeholder_filename
kermany_source/train/PNEUMONIA/PNEUMONIA_0133.jpeg,train,PNEUMONIA,PNEUMONIA_0133.jpeg,30637,synthetic_noise_placeholder_filename
kermany_source/train/PNEUMONIA/PNEUMONIA_0134.jpeg,train,PNEUMONIA,PNEUMONIA_0134.jpeg,30606,synthetic_noise_placeholder_filename
kermany_source/train/PNEUMONIA/PNEUMONIA_0135.jpeg,train,PNEUMONIA,PNEUMONIA_0135.jpeg,30645,synthetic_noise_placeholder_filename
kermany_source/train/PNEUMONIA/PNEUMONIA_0136.jpeg,train,PNEUMONIA,PNEUMONIA_0136.jpeg,30582,synthetic_noise_placeholder_filename
kermany_source/train/PNEUMONIA/PNEUMONIA_0137.jpeg,train,PNEUMONIA,PNEUMONIA_0137.jpeg,30542,synthetic_noise_placeholder_filename
kermany_source/train/PNEUMONIA/PNEUMONIA_0138.jpeg,train,PNEUMONIA,PNEUMONIA_0138.jpeg,30485,synthetic_noise_placeholder_filename
kermany_source/train/PNEUMONIA/PNEUMONIA_0139.jpeg,train,PNEUMONIA,PNEUMONIA_0139.jpeg,30577,synthetic_noise_placeholder_filename
kermany_source/train/PNEUMONIA/PNEUMONIA_0140.jpeg,train,PNEUMONIA,PNEUMONIA_0140.jpeg,30633,synthetic_noise_placeholder_filename
kermany_source/train/PNEUMONIA/PNEUMONIA_0141.jpeg,train,PNEUMONIA,PNEUMONIA_0141.jpeg,30555,synthetic_noise_placeholder_filename
kermany_source/train/PNEUMONIA/PNEUMONIA_0142.jpeg,train,PNEUMONIA,PNEUMONIA_0142.jpeg,30574,synthetic_noise_placeholder_filename
kermany_source/train/PNEUMONIA/PNEUMONIA_0143.jpeg,train,PNEUMONIA,PNEUMONIA_0143.jpeg,30539,synthetic_noise_placeholder_filename
kermany_source/train/PNEUMONIA/PNEUMONIA_0144.jpeg,train,PNEUMONIA,PNEUMONIA_0144.jpeg,30586,synthetic_noise_placeholder_filename
kermany_source/train/PNEUMONIA/PNEUMONIA_0145.jpeg,train,PNEUMONIA,PNEUMONIA_0145.jpeg,30602,synthetic_noise_placeholder_filename
kermany_source/train/PNEUMONIA/PNEUMONIA_0146.jpeg,train,PNEUMONIA,PNEUMONIA_0146.jpeg,30612,synthetic_noise_placeholder_filename
kermany_source/train/PNEUMONIA/PNEUMONIA_0147.jpeg,train,PNEUMONIA,PNEUMONIA_0147.jpeg,30608,synthetic_noise_placeholder_filename
kermany_source/train/PNEUMONIA/PNEUMONIA_0148.jpeg,train,PNEUMONIA,PNEUMONIA_0148.jpeg,30618,synthetic_noise_placeholder_filename
kermany_source/train/PNEUMONIA/PNEUMONIA_0149.jpeg,train,PNEUMONIA,PNEUMONIA_0149.jpeg,30522,synthetic_noise_placeholder_filename
kermany_source/train/PNEUMONIA/PNEUMONIA_0150.jpeg,train,PNEUMONIA,PNEUMONIA_0150.jpeg,30588,synthetic_noise_placeholder_filename
kermany_source/train/PNEUMONIA/PNEUMONIA_0151.jpeg,train,PNEUMONIA,PNEUMONIA_0151.jpeg,30633,synthetic_noise_placeholder_filename
kermany_source/train/PNEUMONIA/PNEUMONIA_0152.jpeg,train,PNEUMONIA,PNEUMONIA_0152.jpeg,30574,synthetic_noise_placeholder_filename
kermany_source/train/PNEUMONIA/PNEUMONIA_0153.jpeg,train,PNEUMONIA,PNEUMONIA_0153.jpeg,30566,synthetic_noise_placeholder_filename
kermany_source/train/PNEUMONIA/PNEUMONIA_0154.jpeg,train,PNEUMONIA,PNEUMONIA_0154.jpeg,30574,synthetic_noise_placeholder_filename
kermany_source/train/PNEUMONIA/PNEUMONIA_0155.jpeg,train,PNEUMONIA,PNEUMONIA_0155.jpeg,30542,synthetic_noise_placeholder_filename
kermany_source/train/PNEUMONIA/PNEUMONIA_0156.jpeg,train,PNEUMONIA,PNEUMONIA_0156.jpeg,30586,synthetic_noise_placeholder_filename
kermany_source/train/PNEUMONIA/PNEUMONIA_0157.jpeg,train,PNEUMONIA,PNEUMONIA_0157.jpeg,30593,synthetic_noise_placeholder_filename
kermany_source/train/PNEUMONIA/PNEUMONIA_0158.jpeg,train,PNEUMONIA,PNEUMONIA_0158.jpeg,30598,synthetic_noise_placeholder_filename
kermany_source/train/PNEUMONIA/PNEUMONIA_0159.jpeg,train,PNEUMONIA,PNEUMONIA_0159.jpeg,30489,synthetic_noise_placeholder_filename
kermany_source/train/PNEUMONIA/PNEUMONIA_0160.jpeg,train,PNEUMONIA,PNEUMONIA_0160.jpeg,30492,synthetic_noise_placeholder_filename
kermany_source/train/PNEUMONIA/PNEUMONIA_0161.jpeg,train,PNEUMONIA,PNEUMONIA_0161.jpeg,30620,synthetic_noise_placeholder_filename
kermany_source/train/PNEUMONIA/PNEUMONIA_0162.jpeg,train,PNEUMONIA,PNEUMONIA_0162.jpeg,30597,synthetic_noise_placeholder_filename
kermany_source/train/PNEUMONIA/PNEUMONIA_0163.jpeg,train,PNEUMONIA,PNEUMONIA_0163.jpeg,30501,synthetic_noise_placeholder_filename
kermany_source/train/PNEUMONIA/PNEUMONIA_0164.jpeg,train,PNEUMONIA,PNEUMONIA_0164.jpeg,30575,synthetic_noise_placeholder_filename
kermany_source/train/PNEUMONIA/PNEUMONIA_0165.jpeg,train,PNEUMONIA,PNEUMONIA_0165.jpeg,30550,synthetic_noise_placeholder_filename
kermany_source/train/PNEUMONIA/PNEUMONIA_0166.jpeg,train,PNEUMONIA,PNEUMONIA_0166.jpeg,30583,synthetic_noise_placeholder_filename
kermany_source/train/PNEUMONIA/PNEUMONIA_0167.jpeg,train,PNEUMONIA,PNEUMONIA_0167.jpeg,30580,synthetic_noise_placeholder_filename
kermany_source/train/PNEUMONIA/PNEUMONIA_0168.jpeg,train,PNEUMONIA,PNEUMONIA_0168.jpeg,30554,synthetic_noise_placeholder_filename
kermany_source/train/PNEUMONIA/PNEUMONIA_0169.jpeg,train,PNEUMONIA,PNEUMONIA_0169.jpeg,30660,synthetic_noise_placeholder_filename
kermany_source/train/PNEUMONIA/PNEUMONIA_0170.jpeg,train,PNEUMONIA,PNEUMONIA_0170.jpeg,30576,synthetic_noise_placeholder_filename
kermany_source/train/PNEUMONIA/PNEUMONIA_0171.jpeg,train,PNEUMONIA,PNEUMONIA_0171.jpeg,30577,synthetic_noise_placeholder_filename
kermany_source/train/PNEUMONIA/PNEUMONIA_0172.jpeg,train,PNEUMONIA,PNEUMONIA_0172.jpeg,30524,synthetic_noise_placeholder_filename
kermany_source/train/PNEUMONIA/PNEUMONIA_0173.jpeg,train,PNEUMONIA,PNEUMONIA_0173.jpeg,30562,synthetic_noise_placeholder_filename
kermany_source/train/PNEUMONIA/PNEUMONIA_0174.jpeg,train,PNEUMONIA,PNEUMONIA_0174.jpeg,30495,synthetic_noise_placeholder_filename
kermany_source/train/PNEUMONIA/PNEUMONIA_0175.jpeg,train,PNEUMONIA,PNEUMONIA_0175.jpeg,30460,synthetic_noise_placeholder_filename
kermany_source/train/PNEUMONIA/PNEUMONIA_0176.jpeg,train,PNEUMONIA,PNEUMONIA_0176.jpeg,30554,synthetic_noise_placeholder_filename
kermany_source/train/PNEUMONIA/PNEUMONIA_0177.jpeg,train,PNEUMONIA,PNEUMONIA_0177.jpeg,30503,synthetic_noise_placeholder_filename
kermany_source/train/PNEUMONIA/PNEUMONIA_0178.jpeg,train,PNEUMONIA,PNEUMONIA_0178.jpeg,30497,synthetic_noise_placeholder_filename
kermany_source/train/PNEUMONIA/PNEUMONIA_0179.jpeg,train,PNEUMONIA,PNEUMONIA_0179.jpeg,30543,synthetic_noise_placeholder_filename
kermany_source/train/PNEUMONIA/PNEUMONIA_0180.jpeg,train,PNEUMONIA,PNEUMONIA_0180.jpeg,30508,synthetic_noise_placeholder_filename
kermany_source/train/PNEUMONIA/PNEUMONIA_0181.jpeg,train,PNEUMONIA,PNEUMONIA_0181.jpeg,30560,synthetic_noise_placeholder_filename
kermany_source/train/PNEUMONIA/PNEUMONIA_0182.jpeg,train,PNEUMONIA,PNEUMONIA_0182.jpeg,30556,synthetic_noise_placeholder_filename
kermany_source/train/PNEUMONIA/PNEUMONIA_0183.jpeg,train,PNEUMONIA,PNEUMONIA_0183.jpeg,30555,synthetic_noise_placeholder_filename
kermany_source/train/PNEUMONIA/PNEUMONIA_0184.jpeg,train,PNEUMONIA,PNEUMONIA_0184.jpeg,30574,synthetic_noise_placeholder_filename
kermany_source/train/PNEUMONIA/PNEUMONIA_0185.jpeg,train,PNEUMONIA,PNEUMONIA_0185.jpeg,30622,synthetic_noise_placeholder_filename
kermany_source/train/PNEUMONIA/PNEUMONIA_0186.jpeg,train,PNEUMONIA,PNEUMONIA_0186.jpeg,30487,synthetic_noise_placeholder_filename
kermany_source/train/PNEUMONIA/PNEUMONIA_0187.jpeg,train,PNEUMONIA,PNEUMONIA_0187.jpeg,30594,synthetic_noise_placeholder_filename
kermany_source/train/PNEUMONIA/PNEUMONIA_0188.jpeg,train,PNEUMONIA,PNEUMONIA_0188.jpeg,30554,synthetic_noise_placeholder_filename
kermany_source/train/PNEUMONIA/PNEUMONIA_0189.jpeg,train,PNEUMONIA,PNEUMONIA_0189.jpeg,30587,synthetic_noise_placeholder_filename
kermany_source/train/PNEUMONIA/PNEUMONIA_0190.jpeg,train,PNEUMONIA,PNEUMONIA_0190.jpeg,30540,synthetic_noise_placeholder_filename
kermany_source/train/PNEUMONIA/PNEUMONIA_0191.jpeg,train,PNEUMONIA,PNEUMONIA_0191.jpeg,30535,synthetic_noise_placeholder_filename
kermany_source/train/PNEUMONIA/PNEUMONIA_0192.jpeg,train,PNEUMONIA,PNEUMONIA_0192.jpeg,30563,synthetic_noise_placeholder_filename
kermany_source/train/PNEUMONIA/PNEUMONIA_0193.jpeg,train,PNEUMONIA,PNEUMONIA_0193.jpeg,30563,synthetic_noise_placeholder_filename
kermany_source/train/PNEUMONIA/PNEUMONIA_0194.jpeg,train,PNEUMONIA,PNEUMONIA_0194.jpeg,30631,synthetic_noise_placeholder_filename
kermany_source/train/PNEUMONIA/PNEUMONIA_0195.jpeg,train,PNEUMONIA,PNEUMONIA_0195.jpeg,30607,synthetic_noise_placeholder_filename
kermany_source/train/PNEUMONIA/PNEUMONIA_0196.jpeg,train,PNEUMONIA,PNEUMONIA_0196.jpeg,30613,synthetic_noise_placeholder_filename
kermany_source/train/PNEUMONIA/PNEUMONIA_0197.jpeg,train,PNEUMONIA,PNEUMONIA_0197.jpeg,30568,synthetic_noise_placeholder_filename
kermany_source/train/PNEUMONIA/PNEUMONIA_0198.jpeg,train,PNEUMONIA,PNEUMONIA_0198.jpeg,30563,synthetic_noise_placeholder_filename
kermany_source/train/PNEUMONIA/PNEUMONIA_0199.jpeg,train,PNEUMONIA,PNEUMONIA_0199.jpeg,30539,synthetic_noise_placeholder_filename
kermany_source/train/PNEUMONIA/PNEUMONIA_0200.jpeg,train,PNEUMONIA,PNEUMONIA_0200.jpeg,30459,synthetic_noise_placeholder_filename
kermany_source/train/PNEUMONIA/PNEUMONIA_0201.jpeg,train,PNEUMONIA,PNEUMONIA_0201.jpeg,30621,synthetic_noise_placeholder_filename
kermany_source/train/PNEUMONIA/PNEUMONIA_0202.jpeg,train,PNEUMONIA,PNEUMONIA_0202.jpeg,30573,synthetic_noise_placeholder_filename
kermany_source/train/PNEUMONIA/PNEUMONIA_0203.jpeg,train,PNEUMONIA,PNEUMONIA_0203.jpeg,30515,synthetic_noise_placeholder_filename
kermany_source/train/PNEUMONIA/PNEUMONIA_0204.jpeg,train,PNEUMONIA,PNEUMONIA_0204.jpeg,30622,synthetic_noise_placeholder_filename
kermany_source/train/PNEUMONIA/PNEUMONIA_0205.jpeg,train,PNEUMONIA,PNEUMONIA_0205.jpeg,30598,synthetic_noise_placeholder_filename
kermany_source/train/PNEUMONIA/PNEUMONIA_0206.jpeg,train,PNEUMONIA,PNEUMONIA_0206.jpeg,30558,synthetic_noise_placeholder_filename
kermany_source/train/PNEUMONIA/PNEUMONIA_0207.jpeg,train,PNEUMONIA,PNEUMONIA_0207.jpeg,30552,synthetic_noise_placeholder_filename
kermany_source/train/PNEUMONIA/PNEUMONIA_0208.jpeg,train,PNEUMONIA,PNEUMONIA_0208.jpeg,30536,synthetic_noise_placeholder_filename
kermany_source/train/PNEUMONIA/PNEUMONIA_0209.jpeg,train,PNEUMONIA,PNEUMONIA_0209.jpeg,30615,synthetic_noise_placeholder_filename
kermany_source/train/PNEUMONIA/PNEUMONIA_0210.jpeg,train,PNEUMONIA,PNEUMONIA_0210.jpeg,30642,synthetic_noise_placeholder_filename
kermany_source/train/PNEUMONIA/PNEUMONIA_0211.jpeg,train,PNEUMONIA,PNEUMONIA_0211.jpeg,30564,synthetic_noise_placeholder_filename
kermany_source/train/PNEUMONIA/PNEUMONIA_0212.jpeg,train,PNEUMONIA,PNEUMONIA_0212.jpeg,30523,synthetic_noise_placeholder_filename
kermany_source/train/PNEUMONIA/PNEUMONIA_0213.jpeg,train,PNEUMONIA,PNEUMONIA_0213.jpeg,30616,synthetic_noise_placeholder_filename
kermany_source/train/PNEUMONIA/PNEUMONIA_0214.jpeg,train,PNEUMONIA,PNEUMONIA_0214.jpeg,30611,synthetic_noise_placeholder_filename
kermany_source/train/PNEUMONIA/PNEUMONIA_0215.jpeg,train,PNEUMONIA,PNEUMONIA_0215.jpeg,30598,synthetic_noise_placeholder_filename
kermany_source/train/PNEUMONIA/PNEUMONIA_0216.jpeg,train,PNEUMONIA,PNEUMONIA_0216.jpeg,30559,synthetic_noise_placeholder_filename
kermany_source/train/PNEUMONIA/PNEUMONIA_0217.jpeg,train,PNEUMONIA,PNEUMONIA_0217.jpeg,30600,synthetic_noise_placeholder_filename
kermany_source/train/PNEUMONIA/PNEUMONIA_0218.jpeg,train,PNEUMONIA,PNEUMONIA_0218.jpeg,30598,synthetic_noise_placeholder_filename
kermany_source/train/PNEUMONIA/PNEUMONIA_0219.jpeg,train,PNEUMONIA,PNEUMONIA_0219.jpeg,30562,synthetic_noise_placeholder_filename
kermany_source/train/PNEUMONIA/PNEUMONIA_0220.jpeg,train,PNEUMONIA,PNEUMONIA_0220.jpeg,30576,synthetic_noise_placeholder_filename
kermany_source/train/PNEUMONIA/PNEUMONIA_0221.jpeg,train,PNEUMONIA,PNEUMONIA_0221.jpeg,30646,synthetic_noise_placeholder_filename
kermany_source/train/PNEUMONIA/PNEUMONIA_0222.jpeg,train,PNEUMONIA,PNEUMONIA_0222.jpeg,30567,synthetic_noise_placeholder_filename
kermany_source/train/PNEUMONIA/PNEUMONIA_0223.jpeg,train,PNEUMONIA,PNEUMONIA_0223.jpeg,30664,synthetic_noise_placeholder_filename
kermany_source/train/PNEUMONIA/PNEUMONIA_0224.jpeg,train,PNEUMONIA,PNEUMONIA_0224.jpeg,30635,synthetic_noise_placeholder_filename
kermany_source/train/PNEUMONIA/PNEUMONIA_0225.jpeg,train,PNEUMONIA,PNEUMONIA_0225.jpeg,30602,synthetic_noise_placeholder_filename
kermany_source/train/PNEUMONIA/PNEUMONIA_0226.jpeg,train,PNEUMONIA,PNEUMONIA_0226.jpeg,30569,synthetic_noise_placeholder_filename
kermany_source/train/PNEUMONIA/PNEUMONIA_0227.jpeg,train,PNEUMONIA,PNEUMONIA_0227.jpeg,30580,synthetic_noise_placeholder_filename
kermany_source/train/PNEUMONIA/PNEUMONIA_0228.jpeg,train,PNEUMONIA,PNEUMONIA_0228.jpeg,30544,synthetic_noise_placeholder_filename
kermany_source/train/PNEUMONIA/PNEUMONIA_0229.jpeg,train,PNEUMONIA,PNEUMONIA_0229.jpeg,30594,synthetic_noise_placeholder_filename
kermany_source/train/PNEUMONIA/PNEUMONIA_0230.jpeg,train,PNEUMONIA,PNEUMONIA_0230.jpeg,30573,synthetic_noise_placeholder_filename
kermany_source/train/PNEUMONIA/PNEUMONIA_0231.jpeg,train,PNEUMONIA,PNEUMONIA_0231.jpeg,30612,synthetic_noise_placeholder_filename
kermany_source/train/PNEUMONIA/PNEUMONIA_0232.jpeg,train,PNEUMONIA,PNEUMONIA_0232.jpeg,30495,synthetic_noise_placeholder_filename
kermany_source/train/PNEUMONIA/PNEUMONIA_0233.jpeg,train,PNEUMONIA,PNEUMONIA_0233.jpeg,30552,synthetic_noise_placeholder_filename
kermany_source/train/PNEUMONIA/PNEUMONIA_0234.jpeg,train,PNEUMONIA,PNEUMONIA_0234.jpeg,30552,synthetic_noise_placeholder_filename
kermany_source/train/PNEUMONIA/PNEUMONIA_0235.jpeg,train,PNEUMONIA,PNEUMONIA_0235.jpeg,30516,synthetic_noise_placeholder_filename
kermany_source/train/PNEUMONIA/PNEUMONIA_0236.jpeg,train,PNEUMONIA,PNEUMONIA_0236.jpeg,30585,synthetic_noise_placeholder_filename
kermany_source/train/PNEUMONIA/PNEUMONIA_0237.jpeg,train,PNEUMONIA,PNEUMONIA_0237.jpeg,30553,synthetic_noise_placeholder_filename
kermany_source/train/PNEUMONIA/PNEUMONIA_0238.jpeg,train,PNEUMONIA,PNEUMONIA_0238.jpeg,30622,synthetic_noise_placeholder_filename
kermany_source/train/PNEUMONIA/PNEUMONIA_0239.jpeg,train,PNEUMONIA,PNEUMONIA_0239.jpeg,30637,synthetic_noise_placeholder_filename
kermany_source/train/PNEUMONIA/PNEUMONIA_0240.jpeg,train,PNEUMONIA,PNEUMONIA_0240.jpeg,30602,synthetic_noise_placeholder_filename
kermany_source/train/PNEUMONIA/PNEUMONIA_0241.jpeg,train,PNEUMONIA,PNEUMONIA_0241.jpeg,30562,synthetic_noise_placeholder_filename
kermany_source/train/PNEUMONIA/PNEUMONIA_0242.jpeg,train,PNEUMONIA,PNEUMONIA_0242.jpeg,30639,synthetic_noise_placeholder_filename
kermany_source/train/PNEUMONIA/PNEUMONIA_0243.jpeg,train,PNEUMONIA,PNEUMONIA_0243.jpeg,30615,synthetic_noise_placeholder_filename
kermany_source/train/PNEUMONIA/PNEUMONIA_0244.jpeg,train,PNEUMONIA,PNEUMONIA_0244.jpeg,30615,synthetic_noise_placeholder_filename
kermany_source/train/PNEUMONIA/PNEUMONIA_0245.jpeg,train,PNEUMONIA,PNEUMONIA_0245.jpeg,30576,synthetic_noise_placeholder_filename
kermany_source/train/PNEUMONIA/PNEUMONIA_0246.jpeg,train,PNEUMONIA,PNEUMONIA_0246.jpeg,30583,synthetic_noise_placeholder_filename
kermany_source/train/PNEUMONIA/PNEUMONIA_0247.jpeg,train,PNEUMONIA,PNEUMONIA_0247.jpeg,30515,synthetic_noise_placeholder_filename
kermany_source/train/PNEUMONIA/PNEUMONIA_0248.jpeg,train,PNEUMONIA,PNEUMONIA_0248.jpeg,30530,synthetic_noise_placeholder_filename
kermany_source/train/PNEUMONIA/PNEUMONIA_0249.jpeg,train,PNEUMONIA,PNEUMONIA_0249.jpeg,30595,synthetic_noise_placeholder_filename
kermany_source/train/PNEUMONIA/PNEUMONIA_0250.jpeg,train,PNEUMONIA,PNEUMONIA_0250.jpeg,30579,synthetic_noise_placeholder_filename
kermany_source/train/PNEUMONIA/PNEUMONIA_0251.jpeg,train,PNEUMONIA,PNEUMONIA_0251.jpeg,30601,synthetic_noise_placeholder_filename
kermany_source/train/PNEUMONIA/PNEUMONIA_0252.jpeg,train,PNEUMONIA,PNEUMONIA_0252.jpeg,30547,synthetic_noise_placeholder_filename
kermany_source/train/PNEUMONIA/PNEUMONIA_0253.jpeg,train,PNEUMONIA,PNEUMONIA_0253.jpeg,30677,synthetic_noise_placeholder_filename
kermany_source/train/PNEUMONIA/PNEUMONIA_0254.jpeg,train,PNEUMONIA,PNEUMONIA_0254.jpeg,30580,synthetic_noise_placeholder_filename
kermany_source/train/PNEUMONIA/PNEUMONIA_0255.jpeg,train,PNEUMONIA,PNEUMONIA_0255.jpeg,30570,synthetic_noise_placeholder_filename
kermany_source/train/PNEUMONIA/PNEUMONIA_0256.jpeg,train,PNEUMONIA,PNEUMONIA_0256.jpeg,30709,synthetic_noise_placeholder_filename
kermany_source/train/PNEUMONIA/PNEUMONIA_0257.jpeg,train,PNEUMONIA,PNEUMONIA_0257.jpeg,30590,synthetic_noise_placeholder_filename
kermany_source/train/PNEUMONIA/PNEUMONIA_0258.jpeg,train,PNEUMONIA,PNEUMONIA_0258.jpeg,30576,synthetic_noise_placeholder_filename
kermany_source/train/PNEUMONIA/PNEUMONIA_0259.jpeg,train,PNEUMONIA,PNEUMONIA_0259.jpeg,30633,synthetic_noise_placeholder_filename
kermany_source/train/PNEUMONIA/PNEUMONIA_0260.jpeg,train,PNEUMONIA,PNEUMONIA_0260.jpeg,30561,synthetic_noise_placeholder_filename
kermany_source/train/PNEUMONIA/PNEUMONIA_0261.jpeg,train,PNEUMONIA,PNEUMONIA_0261.jpeg,30619,synthetic_noise_placeholder_filename
kermany_source/train/PNEUMONIA/PNEUMONIA_0262.jpeg,train,PNEUMONIA,PNEUMONIA_0262.jpeg,30601,synthetic_noise_placeholder_filename
kermany_source/train/PNEUMONIA/PNEUMONIA_0263.jpeg,train,PNEUMONIA,PNEUMONIA_0263.jpeg,30522,synthetic_noise_placeholder_filename
kermany_source/train/PNEUMONIA/PNEUMONIA_0264.jpeg,train,PNEUMONIA,PNEUMONIA_0264.jpeg,30575,synthetic_noise_placeholder_filename
kermany_source/train/PNEUMONIA/PNEUMONIA_0265.jpeg,train,PNEUMONIA,PNEUMONIA_0265.jpeg,30591,synthetic_noise_placeholder_filename
kermany_source/train/PNEUMONIA/PNEUMONIA_0266.jpeg,train,PNEUMONIA,PNEUMONIA_0266.jpeg,30600,synthetic_noise_placeholder_filename
kermany_source/train/PNEUMONIA/PNEUMONIA_0267.jpeg,train,PNEUMONIA,PNEUMONIA_0267.jpeg,30645,synthetic_noise_placeholder_filename
kermany_source/train/PNEUMONIA/PNEUMONIA_0268.jpeg,train,PNEUMONIA,PNEUMONIA_0268.jpeg,30511,synthetic_noise_placeholder_filename
kermany_source/train/PNEUMONIA/PNEUMONIA_0269.jpeg,train,PNEUMONIA,PNEUMONIA_0269.jpeg,30661,synthetic_noise_placeholder_filename
kermany_source/train/PNEUMONIA/PNEUMONIA_0270.jpeg,train,PNEUMONIA,PNEUMONIA_0270.jpeg,30592,synthetic_noise_placeholder_filename
kermany_source/train/PNEUMONIA/PNEUMONIA_0271.jpeg,train,PNEUMONIA,PNEUMONIA_0271.jpeg,30605,synthetic_noise_placeholder_filename
kermany_source/train/PNEUMONIA/PNEUMONIA_0272.jpeg,train,PNEUMONIA,PNEUMONIA_0272.jpeg,30574,synthetic_noise_placeholder_filename
kermany_source/train/PNEUMONIA/PNEUMONIA_0273.jpeg,train,PNEUMONIA,PNEUMONIA_0273.jpeg,30560,synthetic_noise_placeholder_filename
kermany_source/train/PNEUMONIA/PNEUMONIA_0274.jpeg,train,PNEUMONIA,PNEUMONIA_0274.jpeg,30548,synthetic_noise_placeholder_filename
kermany_source/train/PNEUMONIA/PNEUMONIA_0275.jpeg,train,PNEUMONIA,PNEUMONIA_0275.jpeg,30582,synthetic_noise_placeholder_filename
kermany_source/train/PNEUMONIA/PNEUMONIA_0276.jpeg,train,PNEUMONIA,PNEUMONIA_0276.jpeg,30663,synthetic_noise_placeholder_filename
kermany_source/train/PNEUMONIA/PNEUMONIA_0277.jpeg,train,PNEUMONIA,PNEUMONIA_0277.jpeg,30618,synthetic_noise_placeholder_filename
kermany_source/train/PNEUMONIA/PNEUMONIA_0278.jpeg,train,PNEUMONIA,PNEUMONIA_0278.jpeg,30529,synthetic_noise_placeholder_filename
kermany_source/train/PNEUMONIA/PNEUMONIA_0279.jpeg,train,PNEUMONIA,PNEUMONIA_0279.jpeg,30590,synthetic_noise_placeholder_filename
kermany_source/train/PNEUMONIA/PNEUMONIA_0280.jpeg,train,PNEUMONIA,PNEUMONIA_0280.jpeg,30518,synthetic_noise_placeholder_filename
kermany_source/train/PNEUMONIA/PNEUMONIA_0281.jpeg,train,PNEUMONIA,PNEUMONIA_0281.jpeg,30576,synthetic_noise_placeholder_filename
kermany_source/train/PNEUMONIA/PNEUMONIA_0282.jpeg,train,PNEUMONIA,PNEUMONIA_0282.jpeg,30476,synthetic_noise_placeholder_filename
kermany_source/train/PNEUMONIA/PNEUMONIA_0283.jpeg,train,PNEUMONIA,PNEUMONIA_0283.jpeg,30551,synthetic_noise_placeholder_filename
kermany_source/train/PNEUMONIA/PNEUMONIA_0284.jpeg,train,PNEUMONIA,PNEUMONIA_0284.jpeg,30593,synthetic_noise_placeholder_filename
kermany_source/train/PNEUMONIA/PNEUMONIA_0285.jpeg,train,PNEUMONIA,PNEUMONIA_0285.jpeg,30565,synthetic_noise_placeholder_filename
kermany_source/train/PNEUMONIA/PNEUMONIA_0286.jpeg,train,PNEUMONIA,PNEUMONIA_0286.jpeg,30586,synthetic_noise_placeholder_filename
kermany_source/train/PNEUMONIA/PNEUMONIA_0287.jpeg,train,PNEUMONIA,PNEUMONIA_0287.jpeg,30538,synthetic_noise_placeholder_filename
kermany_source/train/PNEUMONIA/PNEUMONIA_0288.jpeg,train,PNEUMONIA,PNEUMONIA_0288.jpeg,30677,synthetic_noise_placeholder_filename
kermany_source/train/PNEUMONIA/PNEUMONIA_0289.jpeg,train,PNEUMONIA,PNEUMONIA_0289.jpeg,30546,synthetic_noise_placeholder_filename
kermany_source/train/PNEUMONIA/PNEUMONIA_0290.jpeg,train,PNEUMONIA,PNEUMONIA_0290.jpeg,30518,synthetic_noise_placeholder_filename
kermany_source/train/PNEUMONIA/PNEUMONIA_0291.jpeg,train,PNEUMONIA,PNEUMONIA_0291.jpeg,30588,synthetic_noise_placeholder_filename
kermany_source/train/PNEUMONIA/PNEUMONIA_0292.jpeg,train,PNEUMONIA,PNEUMONIA_0292.jpeg,30591,synthetic_noise_placeholder_filename
kermany_source/train/PNEUMONIA/PNEUMONIA_0293.jpeg,train,PNEUMONIA,PNEUMONIA_0293.jpeg,30585,synthetic_noise_placeholder_filename
kermany_source/train/PNEUMONIA/PNEUMONIA_0294.jpeg,train,PNEUMONIA,PNEUMONIA_0294.jpeg,30534,synthetic_noise_placeholder_filename
kermany_source/train/PNEUMONIA/PNEUMONIA_0295.jpeg,train,PNEUMONIA,PNEUMONIA_0295.jpeg,30522,synthetic_noise_placeholder_filename
kermany_source/train/PNEUMONIA/PNEUMONIA_0296.jpeg,train,PNEUMONIA,PNEUMONIA_0296.jpeg,30556,synthetic_noise_placeholder_filename
kermany_source/train/PNEUMONIA/PNEUMONIA_0297.jpeg,train,PNEUMONIA,PNEUMONIA_0297.jpeg,30567,synthetic_noise_placeholder_filename
kermany_source/train/PNEUMONIA/PNEUMONIA_0298.jpeg,train,PNEUMONIA,PNEUMONIA_0298.jpeg,30638,synthetic_noise_placeholder_filename
kermany_source/train/PNEUMONIA/PNEUMONIA_0299.jpeg,train,PNEUMONIA,PNEUMONIA_0299.jpeg,30617,synthetic_noise_placeholder_filename
kermany_source/train/PNEUMONIA/PNEUMONIA_0300.jpeg,train,PNEUMONIA,PNEUMONIA_0300.jpeg,30563,synthetic_noise_placeholder_filename
kermany_source/train/PNEUMONIA/PNEUMONIA_0301.jpeg,train,PNEUMONIA,PNEUMONIA_0301.jpeg,30600,synthetic_noise_placeholder_filename
kermany_source/train/PNEUMONIA/PNEUMONIA_0302.jpeg,train,PNEUMONIA,PNEUMONIA_0302.jpeg,30625,synthetic_noise_placeholder_filename
kermany_source/train/PNEUMONIA/PNEUMONIA_0303.jpeg,train,PNEUMONIA,PNEUMONIA_0303.jpeg,30611,synthetic_noise_placeholder_filename
kermany_source/train/PNEUMONIA/PNEUMONIA_0304.jpeg,train,PNEUMONIA,PNEUMONIA_0304.jpeg,30595,synthetic_noise_placeholder_filename
kermany_source/train/PNEUMONIA/PNEUMONIA_0305.jpeg,train,PNEUMONIA,PNEUMONIA_0305.jpeg,30583,synthetic_noise_placeholder_filename
kermany_source/train/PNEUMONIA/PNEUMONIA_0306.jpeg,train,PNEUMONIA,PNEUMONIA_0306.jpeg,30625,synthetic_noise_placeholder_filename
kermany_source/train/PNEUMONIA/PNEUMONIA_0307.jpeg,train,PNEUMONIA,PNEUMONIA_0307.jpeg,30572,synthetic_noise_placeholder_filename
kermany_source/train/PNEUMONIA/PNEUMONIA_0308.jpeg,train,PNEUMONIA,PNEUMONIA_0308.jpeg,30586,synthetic_noise_placeholder_filename
kermany_source/train/PNEUMONIA/PNEUMONIA_0309.jpeg,train,PNEUMONIA,PNEUMONIA_0309.jpeg,30465,synthetic_noise_placeholder_filename
kermany_source/train/PNEUMONIA/PNEUMONIA_0310.jpeg,train,PNEUMONIA,PNEUMONIA_0310.jpeg,30518,synthetic_noise_placeholder_filename
kermany_source/train/PNEUMONIA/PNEUMONIA_0311.jpeg,train,PNEUMONIA,PNEUMONIA_0311.jpeg,30669,synthetic_noise_placeholder_filename
kermany_source/train/PNEUMONIA/PNEUMONIA_0312.jpeg,train,PNEUMONIA,PNEUMONIA_0312.jpeg,30539,synthetic_noise_placeholder_filename
kermany_source/train/PNEUMONIA/PNEUMONIA_0313.jpeg,train,PNEUMONIA,PNEUMONIA_0313.jpeg,30550,synthetic_noise_placeholder_filename
kermany_source/train/PNEUMONIA/PNEUMONIA_0314.jpeg,train,PNEUMONIA,PNEUMONIA_0314.jpeg,30559,synthetic_noise_placeholder_filename
kermany_source/train/PNEUMONIA/PNEUMONIA_0315.jpeg,train,PNEUMONIA,PNEUMONIA_0315.jpeg,30551,synthetic_noise_placeholder_filename
kermany_source/train/PNEUMONIA/PNEUMONIA_0316.jpeg,train,PNEUMONIA,PNEUMONIA_0316.jpeg,30625,synthetic_noise_placeholder_filename
kermany_source/train/PNEUMONIA/PNEUMONIA_0317.jpeg,train,PNEUMONIA,PNEUMONIA_0317.jpeg,30556,synthetic_noise_placeholder_filename
kermany_source/train/PNEUMONIA/PNEUMONIA_0318.jpeg,train,PNEUMONIA,PNEUMONIA_0318.jpeg,30594,synthetic_noise_placeholder_filename
kermany_source/train/PNEUMONIA/PNEUMONIA_0319.jpeg,train,PNEUMONIA,PNEUMONIA_0319.jpeg,30560,synthetic_noise_placeholder_filename
kermany_source/train/PNEUMONIA/PNEUMONIA_0320.jpeg,train,PNEUMONIA,PNEUMONIA_0320.jpeg,30618,synthetic_noise_placeholder_filename
kermany_source/train/PNEUMONIA/PNEUMONIA_0321.jpeg,train,PNEUMONIA,PNEUMONIA_0321.jpeg,30513,synthetic_noise_placeholder_filename
kermany_source/train/PNEUMONIA/PNEUMONIA_0322.jpeg,train,PNEUMONIA,PNEUMONIA_0322.jpeg,30621,synthetic_noise_placeholder_filename
kermany_source/train/PNEUMONIA/PNEUMONIA_0323.jpeg,train,PNEUMONIA,PNEUMONIA_0323.jpeg,30600,synthetic_noise_placeholder_filename
kermany_source/train/PNEUMONIA/PNEUMONIA_0324.jpeg,train,PNEUMONIA,PNEUMONIA_0324.jpeg,30560,synthetic_noise_placeholder_filename
kermany_source/train/PNEUMONIA/PNEUMONIA_0325.jpeg,train,PNEUMONIA,PNEUMONIA_0325.jpeg,30523,synthetic_noise_placeholder_filename
kermany_source/train/PNEUMONIA/PNEUMONIA_0326.jpeg,train,PNEUMONIA,PNEUMONIA_0326.jpeg,30601,synthetic_noise_placeholder_filename
kermany_source/train/PNEUMONIA/PNEUMONIA_0327.jpeg,train,PNEUMONIA,PNEUMONIA_0327.jpeg,30443,synthetic_noise_placeholder_filename
kermany_source/train/PNEUMONIA/PNEUMONIA_0328.jpeg,train,PNEUMONIA,PNEUMONIA_0328.jpeg,30513,synthetic_noise_placeholder_filename
kermany_source/train/PNEUMONIA/PNEUMONIA_0329.jpeg,train,PNEUMONIA,PNEUMONIA_0329.jpeg,30496,synthetic_noise_placeholder_filename
kermany_source/train/PNEUMONIA/PNEUMONIA_0330.jpeg,train,PNEUMONIA,PNEUMONIA_0330.jpeg,30625,synthetic_noise_placeholder_filename
kermany_source/train/PNEUMONIA/PNEUMONIA_0331.jpeg,train,PNEUMONIA,PNEUMONIA_0331.jpeg,30605,synthetic_noise_placeholder_filename
kermany_source/train/PNEUMONIA/PNEUMONIA_0332.jpeg,train,PNEUMONIA,PNEUMONIA_0332.jpeg,30549,synthetic_noise_placeholder_filename
kermany_source/train/PNEUMONIA/PNEUMONIA_0333.jpeg,train,PNEUMONIA,PNEUMONIA_0333.jpeg,30655,synthetic_noise_placeholder_filename
kermany_source/train/PNEUMONIA/PNEUMONIA_0334.jpeg,train,PNEUMONIA,PNEUMONIA_0334.jpeg,30593,synthetic_noise_placeholder_filename
kermany_source/train/PNEUMONIA/PNEUMONIA_0335.jpeg,train,PNEUMONIA,PNEUMONIA_0335.jpeg,30540,synthetic_noise_placeholder_filename
kermany_source/train/PNEUMONIA/PNEUMONIA_0336.jpeg,train,PNEUMONIA,PNEUMONIA_0336.jpeg,30569,synthetic_noise_placeholder_filename
kermany_source/train/PNEUMONIA/PNEUMONIA_0337.jpeg,train,PNEUMONIA,PNEUMONIA_0337.jpeg,30613,synthetic_noise_placeholder_filename
kermany_source/train/PNEUMONIA/PNEUMONIA_0338.jpeg,train,PNEUMONIA,PNEUMONIA_0338.jpeg,30646,synthetic_noise_placeholder_filename
kermany_source/train/PNEUMONIA/PNEUMONIA_0339.jpeg,train,PNEUMONIA,PNEUMONIA_0339.jpeg,30539,synthetic_noise_placeholder_filename
kermany_source/train/PNEUMONIA/PNEUMONIA_0340.jpeg,train,PNEUMONIA,PNEUMONIA_0340.jpeg,30614,synthetic_noise_placeholder_filename
kermany_source/train/PNEUMONIA/PNEUMONIA_0341.jpeg,train,PNEUMONIA,PNEUMONIA_0341.jpeg,30624,synthetic_noise_placeholder_filename
kermany_source/train/PNEUMONIA/PNEUMONIA_0342.jpeg,train,PNEUMONIA,PNEUMONIA_0342.jpeg,30524,synthetic_noise_placeholder_filename
kermany_source/train/PNEUMONIA/PNEUMONIA_0343.jpeg,train,PNEUMONIA,PNEUMONIA_0343.jpeg,30569,synthetic_noise_placeholder_filename
kermany_source/train/PNEUMONIA/PNEUMONIA_0344.jpeg,train,PNEUMONIA,PNEUMONIA_0344.jpeg,30628,synthetic_noise_placeholder_filename
kermany_source/train/PNEUMONIA/PNEUMONIA_0345.jpeg,train,PNEUMONIA,PNEUMONIA_0345.jpeg,30552,synthetic_noise_placeholder_filename
kermany_source/train/PNEUMONIA/PNEUMONIA_0346.jpeg,train,PNEUMONIA,PNEUMONIA_0346.jpeg,30553,synthetic_noise_placeholder_filename
kermany_source/train/PNEUMONIA/PNEUMONIA_0347.jpeg,train,PNEUMONIA,PNEUMONIA_0347.jpeg,30644,synthetic_noise_placeholder_filename
kermany_source/train/PNEUMONIA/PNEUMONIA_0348.jpeg,train,PNEUMONIA,PNEUMONIA_0348.jpeg,30624,synthetic_noise_placeholder_filename
kermany_source/train/PNEUMONIA/PNEUMONIA_0349.jpeg,train,PNEUMONIA,PNEUMONIA_0349.jpeg,30543,synthetic_noise_placeholder_filename
kermany_source/train/PNEUMONIA/PNEUMONIA_0350.jpeg,train,PNEUMONIA,PNEUMONIA_0350.jpeg,30570,synthetic_noise_placeholder_filename
kermany_source/train/PNEUMONIA/PNEUMONIA_0351.jpeg,train,PNEUMONIA,PNEUMONIA_0351.jpeg,30541,synthetic_noise_placeholder_filename
kermany_source/train/PNEUMONIA/PNEUMONIA_0352.jpeg,train,PNEUMONIA,PNEUMONIA_0352.jpeg,30516,synthetic_noise_placeholder_filename
kermany_source/train/PNEUMONIA/PNEUMONIA_0353.jpeg,train,PNEUMONIA,PNEUMONIA_0353.jpeg,30486,synthetic_noise_placeholder_filename
kermany_source/train/PNEUMONIA/PNEUMONIA_0354.jpeg,train,PNEUMONIA,PNEUMONIA_0354.jpeg,30560,synthetic_noise_placeholder_filename
kermany_source/train/PNEUMONIA/PNEUMONIA_0355.jpeg,train,PNEUMONIA,PNEUMONIA_0355.jpeg,30583,synthetic_noise_placeholder_filename
kermany_source/train/PNEUMONIA/PNEUMONIA_0356.jpeg,train,PNEUMONIA,PNEUMONIA_0356.jpeg,30505,synthetic_noise_placeholder_filename
kermany_source/train/PNEUMONIA/PNEUMONIA_0357.jpeg,train,PNEUMONIA,PNEUMONIA_0357.jpeg,30628,synthetic_noise_placeholder_filename
kermany_source/train/PNEUMONIA/PNEUMONIA_0358.jpeg,train,PNEUMONIA,PNEUMONIA_0358.jpeg,30575,synthetic_noise_placeholder_filename
kermany_source/train/PNEUMONIA/PNEUMONIA_0359.jpeg,train,PNEUMONIA,PNEUMONIA_0359.jpeg,30542,synthetic_noise_placeholder_filename
kermany_source/train/PNEUMONIA/PNEUMONIA_0360.jpeg,train,PNEUMONIA,PNEUMONIA_0360.jpeg,30584,synthetic_noise_placeholder_filename
kermany_source/train/PNEUMONIA/PNEUMONIA_0361.jpeg,train,PNEUMONIA,PNEUMONIA_0361.jpeg,30502,synthetic_noise_placeholder_filename
kermany_source/train/PNEUMONIA/PNEUMONIA_0362.jpeg,train,PNEUMONIA,PNEUMONIA_0362.jpeg,30605,synthetic_noise_placeholder_filename
kermany_source/train/PNEUMONIA/PNEUMONIA_0363.jpeg,train,PNEUMONIA,PNEUMONIA_0363.jpeg,30574,synthetic_noise_placeholder_filename
kermany_source/train/PNEUMONIA/PNEUMONIA_0364.jpeg,train,PNEUMONIA,PNEUMONIA_0364.jpeg,30660,synthetic_noise_placeholder_filename
kermany_source/train/PNEUMONIA/PNEUMONIA_0365.jpeg,train,PNEUMONIA,PNEUMONIA_0365.jpeg,30608,synthetic_noise_placeholder_filename
kermany_source/train/PNEUMONIA/PNEUMONIA_0366.jpeg,train,PNEUMONIA,PNEUMONIA_0366.jpeg,30616,synthetic_noise_placeholder_filename
kermany_source/train/PNEUMONIA/PNEUMONIA_0367.jpeg,train,PNEUMONIA,PNEUMONIA_0367.jpeg,30645,synthetic_noise_placeholder_filename
kermany_source/train/PNEUMONIA/PNEUMONIA_0368.jpeg,train,PNEUMONIA,PNEUMONIA_0368.jpeg,30650,synthetic_noise_placeholder_filename
kermany_source/train/PNEUMONIA/PNEUMONIA_0369.jpeg,train,PNEUMONIA,PNEUMONIA_0369.jpeg,30615,synthetic_noise_placeholder_filename
kermany_source/train/PNEUMONIA/PNEUMONIA_0370.jpeg,train,PNEUMONIA,PNEUMONIA_0370.jpeg,30615,synthetic_noise_placeholder_filename
kermany_source/train/PNEUMONIA/PNEUMONIA_0371.jpeg,train,PNEUMONIA,PNEUMONIA_0371.jpeg,30562,synthetic_noise_placeholder_filename
kermany_source/train/PNEUMONIA/PNEUMONIA_0372.jpeg,train,PNEUMONIA,PNEUMONIA_0372.jpeg,30530,synthetic_noise_placeholder_filename
kermany_source/train/PNEUMONIA/PNEUMONIA_0373.jpeg,train,PNEUMONIA,PNEUMONIA_0373.jpeg,30588,synthetic_noise_placeholder_filename
kermany_source/train/PNEUMONIA/PNEUMONIA_0374.jpeg,train,PNEUMONIA,PNEUMONIA_0374.jpeg,30547,synthetic_noise_placeholder_filename
kermany_source/train/PNEUMONIA/PNEUMONIA_0375.jpeg,train,PNEUMONIA,PNEUMONIA_0375.jpeg,30597,synthetic_noise_placeholder_filename
kermany_source/train/PNEUMONIA/PNEUMONIA_0376.jpeg,train,PNEUMONIA,PNEUMONIA_0376.jpeg,30601,synthetic_noise_placeholder_filename
kermany_source/train/PNEUMONIA/PNEUMONIA_0377.jpeg,train,PNEUMONIA,PNEUMONIA_0377.jpeg,30586,synthetic_noise_placeholder_filename
kermany_source/train/PNEUMONIA/PNEUMONIA_0378.jpeg,train,PNEUMONIA,PNEUMONIA_0378.jpeg,30537,synthetic_noise_placeholder_filename
kermany_source/train/PNEUMONIA/PNEUMONIA_0379.jpeg,train,PNEUMONIA,PNEUMONIA_0379.jpeg,30602,synthetic_noise_placeholder_filename
kermany_source/train/PNEUMONIA/PNEUMONIA_0380.jpeg,train,PNEUMONIA,PNEUMONIA_0380.jpeg,30487,synthetic_noise_placeholder_filename
kermany_source/train/PNEUMONIA/PNEUMONIA_0381.jpeg,train,PNEUMONIA,PNEUMONIA_0381.jpeg,30608,synthetic_noise_placeholder_filename
kermany_source/train/PNEUMONIA/PNEUMONIA_0382.jpeg,train,PNEUMONIA,PNEUMONIA_0382.jpeg,30508,synthetic_noise_placeholder_filename
kermany_source/train/PNEUMONIA/PNEUMONIA_0383.jpeg,train,PNEUMONIA,PNEUMONIA_0383.jpeg,30598,synthetic_noise_placeholder_filename
kermany_source/train/PNEUMONIA/PNEUMONIA_0384.jpeg,train,PNEUMONIA,PNEUMONIA_0384.jpeg,30540,synthetic_noise_placeholder_filename
kermany_source/train/PNEUMONIA/PNEUMONIA_0385.jpeg,train,PNEUMONIA,PNEUMONIA_0385.jpeg,30545,synthetic_noise_placeholder_filename
kermany_source/train/PNEUMONIA/PNEUMONIA_0386.jpeg,train,PNEUMONIA,PNEUMONIA_0386.jpeg,30616,synthetic_noise_placeholder_filename
kermany_source/train/PNEUMONIA/PNEUMONIA_0387.jpeg,train,PNEUMONIA,PNEUMONIA_0387.jpeg,30561,synthetic_noise_placeholder_filename
kermany_source/train/PNEUMONIA/PNEUMONIA_0388.jpeg,train,PNEUMONIA,PNEUMONIA_0388.jpeg,30544,synthetic_noise_placeholder_filename
kermany_source/train/PNEUMONIA/PNEUMONIA_0389.jpeg,train,PNEUMONIA,PNEUMONIA_0389.jpeg,30558,synthetic_noise_placeholder_filename
kermany_source/train/PNEUMONIA/PNEUMONIA_0390.jpeg,train,PNEUMONIA,PNEUMONIA_0390.jpeg,30570,synthetic_noise_placeholder_filename
kermany_source/train/PNEUMONIA/PNEUMONIA_0391.jpeg,train,PNEUMONIA,PNEUMONIA_0391.jpeg,30541,synthetic_noise_placeholder_filename
kermany_source/train/PNEUMONIA/PNEUMONIA_0392.jpeg,train,PNEUMONIA,PNEUMONIA_0392.jpeg,30622,synthetic_noise_placeholder_filename
kermany_source/train/PNEUMONIA/PNEUMONIA_0393.jpeg,train,PNEUMONIA,PNEUMONIA_0393.jpeg,30574,synthetic_noise_placeholder_filename
kermany_source/train/PNEUMONIA/PNEUMONIA_0394.jpeg,train,PNEUMONIA,PNEUMONIA_0394.jpeg,30601,synthetic_noise_placeholder_filename
kermany_source/train/PNEUMONIA/PNEUMONIA_0395.jpeg,train,PNEUMONIA,PNEUMONIA_0395.jpeg,30596,synthetic_noise_placeholder_filename
kermany_source/train/PNEUMONIA/PNEUMONIA_0396.jpeg,train,PNEUMONIA,PNEUMONIA_0396.jpeg,30529,synthetic_noise_placeholder_filename
kermany_source/train/PNEUMONIA/PNEUMONIA_0397.jpeg,train,PNEUMONIA,PNEUMONIA_0397.jpeg,30567,synthetic_noise_placeholder_filename
kermany_source/train/PNEUMONIA/PNEUMONIA_0398.jpeg,train,PNEUMONIA,PNEUMONIA_0398.jpeg,30604,synthetic_noise_placeholder_filename
kermany_source/train/PNEUMONIA/PNEUMONIA_0399.jpeg,train,PNEUMONIA,PNEUMONIA_0399.jpeg,30518,synthetic_noise_placeholder_filename
kermany_source/val/NORMAL/NORMAL_0000.jpeg,val,NORMAL,NORMAL_0000.jpeg,30702,synthetic_noise_placeholder_filename
kermany_source/val/NORMAL/NORMAL_0001.jpeg,val,NORMAL,NORMAL_0001.jpeg,30682,synthetic_noise_placeholder_filename
kermany_source/val/NORMAL/NORMAL_0002.jpeg,val,NORMAL,NORMAL_0002.jpeg,30780,synthetic_noise_placeholder_filename
kermany_source/val/NORMAL/NORMAL_0003.jpeg,val,NORMAL,NORMAL_0003.jpeg,30647,synthetic_noise_placeholder_filename
kermany_source/val/NORMAL/NORMAL_0004.jpeg,val,NORMAL,NORMAL_0004.jpeg,30673,synthetic_noise_placeholder_filename
kermany_source/val/NORMAL/NORMAL_0005.jpeg,val,NORMAL,NORMAL_0005.jpeg,30699,synthetic_noise_placeholder_filename
kermany_source/val/NORMAL/NORMAL_0006.jpeg,val,NORMAL,NORMAL_0006.jpeg,30709,synthetic_noise_placeholder_filename
kermany_source/val/NORMAL/NORMAL_0007.jpeg,val,NORMAL,NORMAL_0007.jpeg,30772,synthetic_noise_placeholder_filename
kermany_source/val/PNEUMONIA/PNEUMONIA_0000.jpeg,val,PNEUMONIA,PNEUMONIA_0000.jpeg,30575,synthetic_noise_placeholder_filename
kermany_source/val/PNEUMONIA/PNEUMONIA_0001.jpeg,val,PNEUMONIA,PNEUMONIA_0001.jpeg,30600,synthetic_noise_placeholder_filename
kermany_source/val/PNEUMONIA/PNEUMONIA_0002.jpeg,val,PNEUMONIA,PNEUMONIA_0002.jpeg,30604,synthetic_noise_placeholder_filename
kermany_source/val/PNEUMONIA/PNEUMONIA_0003.jpeg,val,PNEUMONIA,PNEUMONIA_0003.jpeg,30550,synthetic_noise_placeholder_filename
kermany_source/val/PNEUMONIA/PNEUMONIA_0004.jpeg,val,PNEUMONIA,PNEUMONIA_0004.jpeg,30576,synthetic_noise_placeholder_filename
kermany_source/val/PNEUMONIA/PNEUMONIA_0005.jpeg,val,PNEUMONIA,PNEUMONIA_0005.jpeg,30580,synthetic_noise_placeholder_filename
kermany_source/val/PNEUMONIA/PNEUMONIA_0006.jpeg,val,PNEUMONIA,PNEUMONIA_0006.jpeg,30569,synthetic_noise_placeholder_filename
kermany_source/val/PNEUMONIA/PNEUMONIA_0007.jpeg,val,PNEUMONIA,PNEUMONIA_0007.jpeg,30570,synthetic_noise_placeholder_filename
kermany_source/test/NORMAL/NORMAL_0000.jpeg,test,NORMAL,NORMAL_0000.jpeg,30861,synthetic_noise_placeholder_filename
kermany_source/test/NORMAL/NORMAL_0001.jpeg,test,NORMAL,NORMAL_0001.jpeg,30742,synthetic_noise_placeholder_filename
kermany_source/test/NORMAL/NORMAL_0002.jpeg,test,NORMAL,NORMAL_0002.jpeg,30668,synthetic_noise_placeholder_filename
kermany_source/test/NORMAL/NORMAL_0003.jpeg,test,NORMAL,NORMAL_0003.jpeg,30765,synthetic_noise_placeholder_filename
kermany_source/test/NORMAL/NORMAL_0004.jpeg,test,NORMAL,NORMAL_0004.jpeg,30704,synthetic_noise_placeholder_filename
kermany_source/test/NORMAL/NORMAL_0005.jpeg,test,NORMAL,NORMAL_0005.jpeg,30752,synthetic_noise_placeholder_filename
kermany_source/test/NORMAL/NORMAL_0006.jpeg,test,NORMAL,NORMAL_0006.jpeg,30693,synthetic_noise_placeholder_filename
kermany_source/test/NORMAL/NORMAL_0007.jpeg,test,NORMAL,NORMAL_0007.jpeg,30743,synthetic_noise_placeholder_filename
kermany_source/test/NORMAL/NORMAL_0008.jpeg,test,NORMAL,NORMAL_0008.jpeg,30773,synthetic_noise_placeholder_filename
kermany_source/test/NORMAL/NORMAL_0009.jpeg,test,NORMAL,NORMAL_0009.jpeg,30679,synthetic_noise_placeholder_filename
kermany_source/test/NORMAL/NORMAL_0010.jpeg,test,NORMAL,NORMAL_0010.jpeg,30719,synthetic_noise_placeholder_filename
kermany_source/test/NORMAL/NORMAL_0011.jpeg,test,NORMAL,NORMAL_0011.jpeg,30712,synthetic_noise_placeholder_filename
kermany_source/test/NORMAL/NORMAL_0012.jpeg,test,NORMAL,NORMAL_0012.jpeg,30747,synthetic_noise_placeholder_filename
kermany_source/test/NORMAL/NORMAL_0013.jpeg,test,NORMAL,NORMAL_0013.jpeg,30743,synthetic_noise_placeholder_filename
kermany_source/test/NORMAL/NORMAL_0014.jpeg,test,NORMAL,NORMAL_0014.jpeg,30675,synthetic_noise_placeholder_filename
kermany_source/test/NORMAL/NORMAL_0015.jpeg,test,NORMAL,NORMAL_0015.jpeg,30643,synthetic_noise_placeholder_filename
kermany_source/test/NORMAL/NORMAL_0016.jpeg,test,NORMAL,NORMAL_0016.jpeg,30763,synthetic_noise_placeholder_filename
kermany_source/test/NORMAL/NORMAL_0017.jpeg,test,NORMAL,NORMAL_0017.jpeg,30771,synthetic_noise_placeholder_filename
kermany_source/test/NORMAL/NORMAL_0018.jpeg,test,NORMAL,NORMAL_0018.jpeg,30750,synthetic_noise_placeholder_filename
kermany_source/test/NORMAL/NORMAL_0019.jpeg,test,NORMAL,NORMAL_0019.jpeg,30641,synthetic_noise_placeholder_filename
kermany_source/test/NORMAL/NORMAL_0020.jpeg,test,NORMAL,NORMAL_0020.jpeg,30725,synthetic_noise_placeholder_filename
kermany_source/test/NORMAL/NORMAL_0021.jpeg,test,NORMAL,NORMAL_0021.jpeg,30690,synthetic_noise_placeholder_filename
kermany_source/test/NORMAL/NORMAL_0022.jpeg,test,NORMAL,NORMAL_0022.jpeg,30816,synthetic_noise_placeholder_filename
kermany_source/test/NORMAL/NORMAL_0023.jpeg,test,NORMAL,NORMAL_0023.jpeg,30725,synthetic_noise_placeholder_filename
kermany_source/test/NORMAL/NORMAL_0024.jpeg,test,NORMAL,NORMAL_0024.jpeg,30695,synthetic_noise_placeholder_filename
kermany_source/test/NORMAL/NORMAL_0025.jpeg,test,NORMAL,NORMAL_0025.jpeg,30729,synthetic_noise_placeholder_filename
kermany_source/test/NORMAL/NORMAL_0026.jpeg,test,NORMAL,NORMAL_0026.jpeg,30673,synthetic_noise_placeholder_filename
kermany_source/test/NORMAL/NORMAL_0027.jpeg,test,NORMAL,NORMAL_0027.jpeg,30747,synthetic_noise_placeholder_filename
kermany_source/test/NORMAL/NORMAL_0028.jpeg,test,NORMAL,NORMAL_0028.jpeg,30673,synthetic_noise_placeholder_filename
kermany_source/test/NORMAL/NORMAL_0029.jpeg,test,NORMAL,NORMAL_0029.jpeg,30704,synthetic_noise_placeholder_filename
kermany_source/test/NORMAL/NORMAL_0030.jpeg,test,NORMAL,NORMAL_0030.jpeg,30725,synthetic_noise_placeholder_filename
kermany_source/test/NORMAL/NORMAL_0031.jpeg,test,NORMAL,NORMAL_0031.jpeg,30735,synthetic_noise_placeholder_filename
kermany_source/test/NORMAL/NORMAL_0032.jpeg,test,NORMAL,NORMAL_0032.jpeg,30728,synthetic_noise_placeholder_filename
kermany_source/test/NORMAL/NORMAL_0033.jpeg,test,NORMAL,NORMAL_0033.jpeg,30665,synthetic_noise_placeholder_filename
kermany_source/test/NORMAL/NORMAL_0034.jpeg,test,NORMAL,NORMAL_0034.jpeg,30677,synthetic_noise_placeholder_filename
kermany_source/test/NORMAL/NORMAL_0035.jpeg,test,NORMAL,NORMAL_0035.jpeg,30735,synthetic_noise_placeholder_filename
kermany_source/test/NORMAL/NORMAL_0036.jpeg,test,NORMAL,NORMAL_0036.jpeg,30783,synthetic_noise_placeholder_filename
kermany_source/test/NORMAL/NORMAL_0037.jpeg,test,NORMAL,NORMAL_0037.jpeg,30761,synthetic_noise_placeholder_filename
kermany_source/test/NORMAL/NORMAL_0038.jpeg,test,NORMAL,NORMAL_0038.jpeg,30691,synthetic_noise_placeholder_filename
kermany_source/test/NORMAL/NORMAL_0039.jpeg,test,NORMAL,NORMAL_0039.jpeg,30687,synthetic_noise_placeholder_filename
kermany_source/test/NORMAL/NORMAL_0040.jpeg,test,NORMAL,NORMAL_0040.jpeg,30683,synthetic_noise_placeholder_filename
kermany_source/test/NORMAL/NORMAL_0041.jpeg,test,NORMAL,NORMAL_0041.jpeg,30787,synthetic_noise_placeholder_filename
kermany_source/test/NORMAL/NORMAL_0042.jpeg,test,NORMAL,NORMAL_0042.jpeg,30588,synthetic_noise_placeholder_filename
kermany_source/test/NORMAL/NORMAL_0043.jpeg,test,NORMAL,NORMAL_0043.jpeg,30650,synthetic_noise_placeholder_filename
kermany_source/test/NORMAL/NORMAL_0044.jpeg,test,NORMAL,NORMAL_0044.jpeg,30749,synthetic_noise_placeholder_filename
kermany_source/test/NORMAL/NORMAL_0045.jpeg,test,NORMAL,NORMAL_0045.jpeg,30613,synthetic_noise_placeholder_filename
kermany_source/test/NORMAL/NORMAL_0046.jpeg,test,NORMAL,NORMAL_0046.jpeg,30855,synthetic_noise_placeholder_filename
kermany_source/test/NORMAL/NORMAL_0047.jpeg,test,NORMAL,NORMAL_0047.jpeg,30657,synthetic_noise_placeholder_filename
kermany_source/test/NORMAL/NORMAL_0048.jpeg,test,NORMAL,NORMAL_0048.jpeg,30703,synthetic_noise_placeholder_filename
kermany_source/test/NORMAL/NORMAL_0049.jpeg,test,NORMAL,NORMAL_0049.jpeg,30741,synthetic_noise_placeholder_filename
kermany_source/test/PNEUMONIA/PNEUMONIA_0000.jpeg,test,PNEUMONIA,PNEUMONIA_0000.jpeg,30579,synthetic_noise_placeholder_filename
kermany_source/test/PNEUMONIA/PNEUMONIA_0001.jpeg,test,PNEUMONIA,PNEUMONIA_0001.jpeg,30528,synthetic_noise_placeholder_filename
kermany_source/test/PNEUMONIA/PNEUMONIA_0002.jpeg,test,PNEUMONIA,PNEUMONIA_0002.jpeg,30557,synthetic_noise_placeholder_filename
kermany_source/test/PNEUMONIA/PNEUMONIA_0003.jpeg,test,PNEUMONIA,PNEUMONIA_0003.jpeg,30544,synthetic_noise_placeholder_filename
kermany_source/test/PNEUMONIA/PNEUMONIA_0004.jpeg,test,PNEUMONIA,PNEUMONIA_0004.jpeg,30506,synthetic_noise_placeholder_filename
kermany_source/test/PNEUMONIA/PNEUMONIA_0005.jpeg,test,PNEUMONIA,PNEUMONIA_0005.jpeg,30499,synthetic_noise_placeholder_filename
kermany_source/test/PNEUMONIA/PNEUMONIA_0006.jpeg,test,PNEUMONIA,PNEUMONIA_0006.jpeg,30571,synthetic_noise_placeholder_filename
kermany_source/test/PNEUMONIA/PNEUMONIA_0007.jpeg,test,PNEUMONIA,PNEUMONIA_0007.jpeg,30597,synthetic_noise_placeholder_filename
kermany_source/test/PNEUMONIA/PNEUMONIA_0008.jpeg,test,PNEUMONIA,PNEUMONIA_0008.jpeg,30523,synthetic_noise_placeholder_filename
kermany_source/test/PNEUMONIA/PNEUMONIA_0009.jpeg,test,PNEUMONIA,PNEUMONIA_0009.jpeg,30658,synthetic_noise_placeholder_filename
kermany_source/test/PNEUMONIA/PNEUMONIA_0010.jpeg,test,PNEUMONIA,PNEUMONIA_0010.jpeg,30656,synthetic_noise_placeholder_filename
kermany_source/test/PNEUMONIA/PNEUMONIA_0011.jpeg,test,PNEUMONIA,PNEUMONIA_0011.jpeg,30527,synthetic_noise_placeholder_filename
kermany_source/test/PNEUMONIA/PNEUMONIA_0012.jpeg,test,PNEUMONIA,PNEUMONIA_0012.jpeg,30535,synthetic_noise_placeholder_filename
kermany_source/test/PNEUMONIA/PNEUMONIA_0013.jpeg,test,PNEUMONIA,PNEUMONIA_0013.jpeg,30607,synthetic_noise_placeholder_filename
kermany_source/test/PNEUMONIA/PNEUMONIA_0014.jpeg,test,PNEUMONIA,PNEUMONIA_0014.jpeg,30465,synthetic_noise_placeholder_filename
kermany_source/test/PNEUMONIA/PNEUMONIA_0015.jpeg,test,PNEUMONIA,PNEUMONIA_0015.jpeg,30562,synthetic_noise_placeholder_filename
kermany_source/test/PNEUMONIA/PNEUMONIA_0016.jpeg,test,PNEUMONIA,PNEUMONIA_0016.jpeg,30638,synthetic_noise_placeholder_filename
kermany_source/test/PNEUMONIA/PNEUMONIA_0017.jpeg,test,PNEUMONIA,PNEUMONIA_0017.jpeg,30536,synthetic_noise_placeholder_filename
kermany_source/test/PNEUMONIA/PNEUMONIA_0018.jpeg,test,PNEUMONIA,PNEUMONIA_0018.jpeg,30570,synthetic_noise_placeholder_filename
kermany_source/test/PNEUMONIA/PNEUMONIA_0019.jpeg,test,PNEUMONIA,PNEUMONIA_0019.jpeg,30619,synthetic_noise_placeholder_filename
kermany_source/test/PNEUMONIA/PNEUMONIA_0020.jpeg,test,PNEUMONIA,PNEUMONIA_0020.jpeg,30700,synthetic_noise_placeholder_filename
kermany_source/test/PNEUMONIA/PNEUMONIA_0021.jpeg,test,PNEUMONIA,PNEUMONIA_0021.jpeg,30528,synthetic_noise_placeholder_filename
kermany_source/test/PNEUMONIA/PNEUMONIA_0022.jpeg,test,PNEUMONIA,PNEUMONIA_0022.jpeg,30513,synthetic_noise_placeholder_filename
kermany_source/test/PNEUMONIA/PNEUMONIA_0023.jpeg,test,PNEUMONIA,PNEUMONIA_0023.jpeg,30634,synthetic_noise_placeholder_filename
kermany_source/test/PNEUMONIA/PNEUMONIA_0024.jpeg,test,PNEUMONIA,PNEUMONIA_0024.jpeg,30572,synthetic_noise_placeholder_filename
kermany_source/test/PNEUMONIA/PNEUMONIA_0025.jpeg,test,PNEUMONIA,PNEUMONIA_0025.jpeg,30606,synthetic_noise_placeholder_filename
kermany_source/test/PNEUMONIA/PNEUMONIA_0026.jpeg,test,PNEUMONIA,PNEUMONIA_0026.jpeg,30581,synthetic_noise_placeholder_filename
kermany_source/test/PNEUMONIA/PNEUMONIA_0027.jpeg,test,PNEUMONIA,PNEUMONIA_0027.jpeg,30606,synthetic_noise_placeholder_filename
kermany_source/test/PNEUMONIA/PNEUMONIA_0028.jpeg,test,PNEUMONIA,PNEUMONIA_0028.jpeg,30520,synthetic_noise_placeholder_filename
kermany_source/test/PNEUMONIA/PNEUMONIA_0029.jpeg,test,PNEUMONIA,PNEUMONIA_0029.jpeg,30575,synthetic_noise_placeholder_filename
kermany_source/test/PNEUMONIA/PNEUMONIA_0030.jpeg,test,PNEUMONIA,PNEUMONIA_0030.jpeg,30566,synthetic_noise_placeholder_filename
kermany_source/test/PNEUMONIA/PNEUMONIA_0031.jpeg,test,PNEUMONIA,PNEUMONIA_0031.jpeg,30579,synthetic_noise_placeholder_filename
kermany_source/test/PNEUMONIA/PNEUMONIA_0032.jpeg,test,PNEUMONIA,PNEUMONIA_0032.jpeg,30493,synthetic_noise_placeholder_filename
kermany_source/test/PNEUMONIA/PNEUMONIA_0033.jpeg,test,PNEUMONIA,PNEUMONIA_0033.jpeg,30582,synthetic_noise_placeholder_filename
kermany_source/test/PNEUMONIA/PNEUMONIA_0034.jpeg,test,PNEUMONIA,PNEUMONIA_0034.jpeg,30659,synthetic_noise_placeholder_filename
kermany_source/test/PNEUMONIA/PNEUMONIA_0035.jpeg,test,PNEUMONIA,PNEUMONIA_0035.jpeg,30682,synthetic_noise_placeholder_filename
kermany_source/test/PNEUMONIA/PNEUMONIA_0036.jpeg,test,PNEUMONIA,PNEUMONIA_0036.jpeg,30575,synthetic_noise_placeholder_filename
kermany_source/test/PNEUMONIA/PNEUMONIA_0037.jpeg,test,PNEUMONIA,PNEUMONIA_0037.jpeg,30498,synthetic_noise_placeholder_filename
kermany_source/test/PNEUMONIA/PNEUMONIA_0038.jpeg,test,PNEUMONIA,PNEUMONIA_0038.jpeg,30535,synthetic_noise_placeholder_filename
kermany_source/test/PNEUMONIA/PNEUMONIA_0039.jpeg,test,PNEUMONIA,PNEUMONIA_0039.jpeg,30572,synthetic_noise_placeholder_filename
kermany_source/test/PNEUMONIA/PNEUMONIA_0040.jpeg,test,PNEUMONIA,PNEUMONIA_0040.jpeg,30542,synthetic_noise_placeholder_filename
kermany_source/test/PNEUMONIA/PNEUMONIA_0041.jpeg,test,PNEUMONIA,PNEUMONIA_0041.jpeg,30598,synthetic_noise_placeholder_filename
kermany_source/test/PNEUMONIA/PNEUMONIA_0042.jpeg,test,PNEUMONIA,PNEUMONIA_0042.jpeg,30622,synthetic_noise_placeholder_filename
kermany_source/test/PNEUMONIA/PNEUMONIA_0043.jpeg,test,PNEUMONIA,PNEUMONIA_0043.jpeg,30584,synthetic_noise_placeholder_filename
kermany_source/test/PNEUMONIA/PNEUMONIA_0044.jpeg,test,PNEUMONIA,PNEUMONIA_0044.jpeg,30598,synthetic_noise_placeholder_filename
kermany_source/test/PNEUMONIA/PNEUMONIA_0045.jpeg,test,PNEUMONIA,PNEUMONIA_0045.jpeg,30637,synthetic_noise_placeholder_filename
kermany_source/test/PNEUMONIA/PNEUMONIA_0046.jpeg,test,PNEUMONIA,PNEUMONIA_0046.jpeg,30621,synthetic_noise_placeholder_filename
kermany_source/test/PNEUMONIA/PNEUMONIA_0047.jpeg,test,PNEUMONIA,PNEUMONIA_0047.jpeg,30514,synthetic_noise_placeholder_filename
kermany_source/test/PNEUMONIA/PNEUMONIA_0048.jpeg,test,PNEUMONIA,PNEUMONIA_0048.jpeg,30595,synthetic_noise_placeholder_filename
kermany_source/test/PNEUMONIA/PNEUMONIA_0049.jpeg,test,PNEUMONIA,PNEUMONIA_0049.jpeg,30491,synthetic_noise_placeholder_filename
kermany_source/test/PNEUMONIA/PNEUMONIA_0050.jpeg,test,PNEUMONIA,PNEUMONIA_0050.jpeg,30569,synthetic_noise_placeholder_filename
kermany_source/test/PNEUMONIA/PNEUMONIA_0051.jpeg,test,PNEUMONIA,PNEUMONIA_0051.jpeg,30614,synthetic_noise_placeholder_filename
kermany_source/test/PNEUMONIA/PNEUMONIA_0052.jpeg,test,PNEUMONIA,PNEUMONIA_0052.jpeg,30590,synthetic_noise_placeholder_filename
kermany_source/test/PNEUMONIA/PNEUMONIA_0053.jpeg,test,PNEUMONIA,PNEUMONIA_0053.jpeg,30625,synthetic_noise_placeholder_filename
kermany_source/test/PNEUMONIA/PNEUMONIA_0054.jpeg,test,PNEUMONIA,PNEUMONIA_0054.jpeg,30562,synthetic_noise_placeholder_filename
kermany_source/test/PNEUMONIA/PNEUMONIA_0055.jpeg,test,PNEUMONIA,PNEUMONIA_0055.jpeg,30542,synthetic_noise_placeholder_filename
kermany_source/test/PNEUMONIA/PNEUMONIA_0056.jpeg,test,PNEUMONIA,PNEUMONIA_0056.jpeg,30526,synthetic_noise_placeholder_filename
kermany_source/test/PNEUMONIA/PNEUMONIA_0057.jpeg,test,PNEUMONIA,PNEUMONIA_0057.jpeg,30598,synthetic_noise_placeholder_filename
kermany_source/test/PNEUMONIA/PNEUMONIA_0058.jpeg,test,PNEUMONIA,PNEUMONIA_0058.jpeg,30562,synthetic_noise_placeholder_filename
kermany_source/test/PNEUMONIA/PNEUMONIA_0059.jpeg,test,PNEUMONIA,PNEUMONIA_0059.jpeg,30537,synthetic_noise_placeholder_filename
kermany_source/test/PNEUMONIA/PNEUMONIA_0060.jpeg,test,PNEUMONIA,PNEUMONIA_0060.jpeg,30523,synthetic_noise_placeholder_filename
kermany_source/test/PNEUMONIA/PNEUMONIA_0061.jpeg,test,PNEUMONIA,PNEUMONIA_0061.jpeg,30692,synthetic_noise_placeholder_filename
kermany_source/test/PNEUMONIA/PNEUMONIA_0062.jpeg,test,PNEUMONIA,PNEUMONIA_0062.jpeg,30555,synthetic_noise_placeholder_filename
kermany_source/test/PNEUMONIA/PNEUMONIA_0063.jpeg,test,PNEUMONIA,PNEUMONIA_0063.jpeg,30589,synthetic_noise_placeholder_filename
kermany_source/test/PNEUMONIA/PNEUMONIA_0064.jpeg,test,PNEUMONIA,PNEUMONIA_0064.jpeg,30634,synthetic_noise_placeholder_filename
kermany_source/test/PNEUMONIA/PNEUMONIA_0065.jpeg,test,PNEUMONIA,PNEUMONIA_0065.jpeg,30697,synthetic_noise_placeholder_filename
kermany_source/test/PNEUMONIA/PNEUMONIA_0066.jpeg,test,PNEUMONIA,PNEUMONIA_0066.jpeg,30615,synthetic_noise_placeholder_filename
kermany_source/test/PNEUMONIA/PNEUMONIA_0067.jpeg,test,PNEUMONIA,PNEUMONIA_0067.jpeg,30605,synthetic_noise_placeholder_filename
kermany_source/test/PNEUMONIA/PNEUMONIA_0068.jpeg,test,PNEUMONIA,PNEUMONIA_0068.jpeg,30535,synthetic_noise_placeholder_filename
kermany_source/test/PNEUMONIA/PNEUMONIA_0069.jpeg,test,PNEUMONIA,PNEUMONIA_0069.jpeg,30572,synthetic_noise_placeholder_filename
kermany_source/test/PNEUMONIA/PNEUMONIA_0070.jpeg,test,PNEUMONIA,PNEUMONIA_0070.jpeg,30639,synthetic_noise_placeholder_filename
kermany_source/test/PNEUMONIA/PNEUMONIA_0071.jpeg,test,PNEUMONIA,PNEUMONIA_0071.jpeg,30631,synthetic_noise_placeholder_filename
kermany_source/test/PNEUMONIA/PNEUMONIA_0072.jpeg,test,PNEUMONIA,PNEUMONIA_0072.jpeg,30546,synthetic_noise_placeholder_filename
kermany_source/test/PNEUMONIA/PNEUMONIA_0073.jpeg,test,PNEUMONIA,PNEUMONIA_0073.jpeg,30628,synthetic_noise_placeholder_filename
kermany_source/test/PNEUMONIA/PNEUMONIA_0074.jpeg,test,PNEUMONIA,PNEUMONIA_0074.jpeg,30594,synthetic_noise_placeholder_filename
kermany_source/test/PNEUMONIA/PNEUMONIA_0075.jpeg,test,PNEUMONIA,PNEUMONIA_0075.jpeg,30521,synthetic_noise_placeholder_filename
kermany_source/test/PNEUMONIA/PNEUMONIA_0076.jpeg,test,PNEUMONIA,PNEUMONIA_0076.jpeg,30554,synthetic_noise_placeholder_filename
kermany_source/test/PNEUMONIA/PNEUMONIA_0077.jpeg,test,PNEUMONIA,PNEUMONIA_0077.jpeg,30540,synthetic_noise_placeholder_filename
kermany_source/test/PNEUMONIA/PNEUMONIA_0078.jpeg,test,PNEUMONIA,PNEUMONIA_0078.jpeg,30573,synthetic_noise_placeholder_filename
kermany_source/test/PNEUMONIA/PNEUMONIA_0079.jpeg,test,PNEUMONIA,PNEUMONIA_0079.jpeg,30655,synthetic_noise_placeholder_filename
